Workbook

Sheet Combined Summary
A1: Item name | B1: Category | C1: Size / Variant | D1: Promenade | E1: Bedaya | F1: Combined Total
A2: Kyokushin Gloves (White) | B2: Protective Gear | C2: Small | D2: =SUMPRODUCT((Promenade!$B$2:$B$200=$A2)*(Promenade!$D$2:$D$200=$C2),Promenade!$E$2:$E$200) -> 0 | E2: =SUMPRODUCT((Bedaya!$B$2:$B$200=$A2)*(Bedaya!$D$2:$D$200=$C2),Bedaya!$E$2:$E$200) -> 1 | F2: =SUM(D2:E2) -> 1
A3: Kyokushin Gloves (White) | B3: Protective Gear | C3: XS | D3: =SUMPRODUCT((Promenade!$B$2:$B$200=$A3)*(Promenade!$D$2:$D$200=$C3),Promenade!$E$2:$E$200) -> 0 | E3: =SUMPRODUCT((Bedaya!$B$2:$B$200=$A3)*(Bedaya!$D$2:$D$200=$C3),Bedaya!$E$2:$E$200) -> 2 | F3: =SUM(D3:E3) -> 2
A4: Mouth Guard | B4: Protective Gear | C4: Small | D4: =SUMPRODUCT((Promenade!$B$2:$B$200=$A4)*(Promenade!$D$2:$D$200=$C4),Promenade!$E$2:$E$200) -> 0 | E4: =SUMPRODUCT((Bedaya!$B$2:$B$200=$A4)*(Bedaya!$D$2:$D$200=$C4),Bedaya!$E$2:$E$200) -> 2 | F4: =SUM(D4:E4) -> 2
A5: Mouth Guard | B5: Protective Gear | C5: Junior | D5: =SUMPRODUCT((Promenade!$B$2:$B$200=$A5)*(Promenade!$D$2:$D$200=$C5),Promenade!$E$2:$E$200) -> 0 | E5: =SUMPRODUCT((Bedaya!$B$2:$B$200=$A5)*(Bedaya!$D$2:$D$200=$C5),Bedaya!$E$2:$E$200) -> 12 | F5: =SUM(D5:E5) -> 12
A6: Supporter | B6: Protective Gear | C6: M | D6: =SUMPRODUCT((Promenade!$B$2:$B$200=$A6)*(Promenade!$D$2:$D$200=$C6),Promenade!$E$2:$E$200) -> 0 | E6: =SUMPRODUCT((Bedaya!$B$2:$B$200=$A6)*(Bedaya!$D$2:$D$200=$C6),Bedaya!$E$2:$E$200) -> 7 | F6: =SUM(D6:E6) -> 7
A7: Supporter | B7: Protective Gear | C7: S | D7: =SUMPRODUCT((Promenade!$B$2:$B$200=$A7)*(Promenade!$D$2:$D$200=$C7),Promenade!$E$2:$E$200) -> 0 | E7: =SUMPRODUCT((Bedaya!$B$2:$B$200=$A7)*(Bedaya!$D$2:$D$200=$C7),Bedaya!$E$2:$E$200) -> 9 | F7: =SUM(D7:E7) -> 9
A8: Shin Guard | B8: Protective Gear | C8: XL | D8: =SUMPRODUCT((Promenade!$B$2:$B$200=$A8)*(Promenade!$D$2:$D$200=$C8),Promenade!$E$2:$E$200) -> 2 | E8: =SUMPRODUCT((Bedaya!$B$2:$B$200=$A8)*(Bedaya!$D$2:$D$200=$C8),Bedaya!$E$2:$E$200) -> -1 | F8: =SUM(D8:E8) -> 1
A9: Shin Guard | B9: Protective Gear | C9: L | D9: =SUMPRODUCT((Promenade!$B$2:$B$200=$A9)*(Promenade!$D$2:$D$200=$C9),Promenade!$E$2:$E$200) -> 4 | E9: =SUMPRODUCT((Bedaya!$B$2:$B$200=$A9)*(Bedaya!$D$2:$D$200=$C9),Bedaya!$E$2:$E$200) -> 0 | F9: =SUM(D9:E9) -> 4
A10: Shin Guard | B10: Protective Gear | C10: M | D10: =SUMPRODUCT((Promenade!$B$2:$B$200=$A10)*(Promenade!$D$2:$D$200=$C10),Promenade!$E$2:$E$200) -> 2 | E10: =SUMPRODUCT((Bedaya!$B$2:$B$200=$A10)*(Bedaya!$D$2:$D$200=$C10),Bedaya!$E$2:$E$200) -> -1 | F10: =SUM(D10:E10) -> 1
A11: Shin Guard | B11: Protective Gear | C11: S | D11: =SUMPRODUCT((Promenade!$B$2:$B$200=$A11)*(Promenade!$D$2:$D$200=$C11),Promenade!$E$2:$E$200) -> 1 | E11: =SUMPRODUCT((Bedaya!$B$2:$B$200=$A11)*(Bedaya!$D$2:$D$200=$C11),Bedaya!$E$2:$E$200) -> 0 | F11: =SUM(D11:E11) -> 1
A12: Shin Guard | B12: Protective Gear | C12: XS | D12: =SUMPRODUCT((Promenade!$B$2:$B$200=$A12)*(Promenade!$D$2:$D$200=$C12),Promenade!$E$2:$E$200) -> 2 | E12: =SUMPRODUCT((Bedaya!$B$2:$B$200=$A12)*(Bedaya!$D$2:$D$200=$C12),Bedaya!$E$2:$E$200) -> 0 | F12: =SUM(D12:E12) -> 2
A13: Boxing Gloves | B13: Protective Gear | C13: 12oz | D13: =SUMPRODUCT((Promenade!$B$2:$B$200=$A13)*(Promenade!$D$2:$D$200=$C13),Promenade!$E$2:$E$200) -> 1 | E13: =SUMPRODUCT((Bedaya!$B$2:$B$200=$A13)*(Bedaya!$D$2:$D$200=$C13),Bedaya!$E$2:$E$200) -> 0 | F13: =SUM(D13:E13) -> 1
... A126: Damaged Items (item not specified) | B126: Damaged | C126: 120cm | D126: =SUMPRODUCT((Promenade!$B$2:$B$200=$A126)*(Promenade!$D$2:$D$200=$C126),Promenade!$E$2:$E$200) -> 1 | E126: =SUMPRODUCT((Bedaya!$B$2:$B$200=$A126)*(Bedaya!$D$2:$D$200=$C126),Bedaya!$E$2:$E$200) -> 0 | F126: =SUM(D126:E126) -> 1
A128: Note: quantities are pulled by formula from the Promenade and Bedaya sheets (matched on Item name + Size / Variant). Items added on a branch sheet with a new name/size need a new row here.

Sheet Promenade
A1: Branch | B1: Item name | C1: Category | D1: Size / Variant | E1: Quantity counted | F1: Unit | G1: Reorder level | H1: Unit cost | I1: Total value | J1: Notes
A2: Promenade | B2: Kajukimbo Patch - Shoulder | C2: Patches & Badges | D2: - | E2: 6 | F2: pcs | I2: =IF(OR(E2="",H2=""),"",E2*H2) | J2: 20 Sep 2026 - stock remaining | Listed in Argan count as 'already in Elite Promenade'
A3: Promenade | B3: Kajukimbo Patch - Circle (Front) | C3: Patches & Badges | D3: - | E3: 6 | F3: pcs | I3: =IF(OR(E3="",H3=""),"",E3*H3) | J3: 20 Sep 2026 - stock remaining | Listed as 'Front Patch' - assumed same as Circle (Front)
A4: Promenade | B4: Boxing Gloves | C4: Protective Gear | D4: 6oz | E4: 2 | F4: pairs | I4: =IF(OR(E4="",H4=""),"",E4*H4) | J4: 19 Sep 2026 - received from Bedaya (transfer)
A5: Promenade | B5: Boxing Gloves | C5: Protective Gear | D5: 8oz | E5: 2 | F5: pairs | I5: =IF(OR(E5="",H5=""),"",E5*H5) | J5: 19 Sep 2026 - received from Bedaya (transfer)
A6: Promenade | B6: Boxing Gloves | C6: Protective Gear | D6: 10oz | E6: 2 | F6: pairs | I6: =IF(OR(E6="",H6=""),"",E6*H6) | J6: 19 Sep 2026 - received from Bedaya (transfer)
A7: Promenade | B7: Boxing Gloves | C7: Protective Gear | D7: 12oz | E7: 1 | F7: pairs | I7: =IF(OR(E7="",H7=""),"",E7*H7) | J7: 19 Sep 2026 - received from Bedaya (transfer)
A8: Promenade | B8: Shin Guard | C8: Protective Gear | D8: XS | E8: 2 | F8: pairs | I8: =IF(OR(E8="",H8=""),"",E8*H8) | J8: 19 Sep 2026 - received from Bedaya (transfer)
A9: Promenade | B9: Shin Guard | C9: Protective Gear | D9: S | E9: 1 | F9: pairs | I9: =IF(OR(E9="",H9=""),"",E9*H9) | J9: 19 Sep 2026 - received from Bedaya (transfer)
A10: Promenade | B10: Shin Guard | C10: Protective Gear | D10: M | E10: =2 -> 2 | F10: pairs | I10: =IF(OR(E10="",H10=""),"",E10*H10) | J10: 19 Sep 2026 - received from Bedaya (transfer) | Transfer 2 pairs; pre-transfer M count QUANTITY NOT WRITTEN (only 'M' listed)
A11: Promenade | B11: Shin Guard | C11: Protective Gear | D11: L | E11: =2+2 -> 4 | F11: pairs | I11: =IF(OR(E11="",H11=""),"",E11*H11) | J11: 19 Sep 2026 - received from Bedaya (transfer) | 2 pairs counted (New items, Sep 16) + 2 pairs transferred
A12: Promenade | B12: Shin Guard | C12: Protective Gear | D12: XL | E12: 2 | F12: pairs | I12: =IF(OR(E12="",H12=""),"",E12*H12) | J12: 19 Sep 2026 - received from Bedaya (transfer)
A13: Promenade | B13: White T-shirt (Elite) | C13: Merchandise | D13: 11/12 | E13: 5 | F13: pcs | I13: =IF(OR(E13="",H13=""),"",E13*H13) | J13: Sep 2026 (16-17) - Promenade handwritten count, before 19 Sep transfer | New Elite T-shirt
A14: Promenade | B14: White T-shirt (Elite) | C14: Merchandise | D14: 9/10 | E14: 6 | F14: pcs | I14: =IF(OR(E14="",H14=""),"",E14*H14) | J14: Sep 2026 (16-17) - Promenade handwritten count, before 19 Sep transfer | New Elite T-shirt
A15: Promenade | B15: White T-shirt (Elite) | C15: Merchandise | D15: 7/8 | E15: 2 | F15: pcs | I15: =IF(OR(E15="",H15=""),"",E15*H15) | J15: Sep 2026 (16-17) - Promenade handwritten count, before 19 Sep transfer | New Elite T-shirt
A16: Promenade | B16: White T-shirt (Elite) | C16: Merchandise | D16: 5/6 | E16: 2 | F16: pcs | I16: =IF(OR(E16="",H16=""),"",E16*H16) | J16: Sep 2026 (16-17) - Promenade handwritten count, before 19 Sep transfer | New Elite T-shirt
A17: Promenade | B17: White T-shirt (Elite) | C17: Merchandise | D17: 3/4 | E17: 8 | F17: pcs | I17: =IF(OR(E17="",H17=""),"",E17*H17) | J17: Sep 2026 (16-17) - Promenade handwritten count, before 19 Sep transfer | New Elite T-shirt
A18: Promenade | B18: White T-shirt (Elite) - From Argan (Old) | C18: Merchandise | D18: 13/14 | E18: 1 | F18: pcs | I18: =IF(OR(E18="",H18=""),"",E18*H18) | J18: Sep 2026 (16-17) - Promenade handwritten count, before 19 Sep transfer | Marked 'From Argan', old - check not already counted at Bedaya
A19: Promenade | B19: White T-shirt (Elite) - From Argan (Old) | C19: Merchandise | D19: 11/12 | E19: 2 | F19: pcs | I19: =IF(OR(E19="",H19=""),"",E19*H19) | J19: Sep 2026 (16-17) - Promenade handwritten count, before 19 Sep transfer | Marked 'From Argan', old - check not already counted at Bedaya
A20: Promenade | B20: White T-shirt (Elite) - From Argan (Old) | C20: Merchandise | D20: 5/6 | E20: 1 | F20: pcs | I20: =IF(OR(E20="",H20=""),"",E20*H20) | J20: Sep 2026 (16-17) - Promenade handwritten count, before 19 Sep transfer | Marked 'From Argan', old - check not already counted at Bedaya
A21: Promenade | B21: White T-shirt (Elite) - From Argan (Old) | C21: Merchandise | D21: 3/4 | E21: 2 | F21: pcs | I21: =IF(OR(E21="",H21=""),"",E21*H21) | J21: Sep 2026 (16-17) - Promenade handwritten count, before 19 Sep transfer | Marked 'From Argan', old - check not already counted at Bedaya
A22: Promenade | B22: Instructor T-shirt (Elite Logo) | C22: Merchandise | D22: L | E22: 1 | F22: pcs | I22: =IF(OR(E22="",H22=""),"",E22*H22) | J22: Sep 2026 (16-17) - Promenade handwritten count, before 19 Sep transfer | New Elite T-shirt, gray, for instructor
A23: Promenade | B23: Elite T-shirt (Gray) | C23: Merchandise | D23: L | E23: 2 | F23: pcs | I23: =IF(OR(E23="",H23=""),"",E23*H23) | J23: Sep 2026 (16-17) - Promenade handwritten count, before 19 Sep transfer | 'New items' page - may overlap with Instructor T-shirt L
... A31: Promenade | B31: Gloves (Elite Logo) - Old | C31: Protective Gear | D31: M | E31: 23 | F31: pairs | I31: =IF(OR(E31="",H31=""),"",E31*H31) | J31: Sep 2026 (16-17) - Promenade handwritten count, before 19 Sep transfer | Old. 23 written beside M only - could be total for L/M/S
A32: Promenade | B32: Gloves (Elite Logo) - Old | C32: Protective Gear | D32: L | F32: pairs | I32: =IF(OR(E32="",H32=""),"",E32*H32) | J32: Sep 2026 (16-17) - Promenade handwritten count, before 19 Sep transfer | Old. QUANTITY NOT WRITTEN (dash)
A33: Promenade | B33: Gloves (Elite Logo) - Old | C33: Protective Gear | D33: S | F33: pairs | I33: =IF(OR(E33="",H33=""),"",E33*H33) | J33: Sep 2026 (16-17) - Promenade handwritten count, before 19 Sep transfer | Old. QUANTITY NOT WRITTEN (dash)
A34: Promenade | B34: Shin Guard (Elite Logo) - Old | C34: Protective Gear | D34: L | E34: 3 | F34: pairs | I34: =IF(OR(E34="",H34=""),"",E34*H34) | J34: Sep 2026 (16-17) - Promenade handwritten count, before 19 Sep transfer | Old
A35: Promenade | B35: Jiu Jitsu Uniform (Elite Logo) | C35: Uniforms | D35: A3 - Black | E35: 1 | F35: pcs | I35: =IF(OR(E35="",H35=""),"",E35*H35) | J35: Sep 2026 (16-17) - Promenade handwritten count, before 19 Sep transfer | With Elite logo; size as written 'A-3'
A36: Promenade | B36: Jiu Jitsu Uniform (Elite Logo) | C36: Uniforms | D36: 3/180 - Gray | E36: 1 | F36: pcs | I36: =IF(OR(E36="",H36=""),"",E36*H36) | J36: Sep 2026 (16-17) - Promenade handwritten count, before 19 Sep transfer | With Elite logo; size as written
A37: Promenade | B37: Jiu Jitsu Uniform (Elite Logo) | C37: Uniforms | D37: A3 - Gray/Blue | E37: 1 | F37: pcs | I37: =IF(OR(E37="",H37=""),"",E37*H37) | J37: Sep 2026 (16-17) - Promenade handwritten count, before 19 Sep transfer | With Elite logo; size as written 'A-3'
A38: Promenade | B38: Systema T-shirt (Black) | C38: Merchandise | D38: L | E38: 5 | F38: pcs | I38: =IF(OR(E38="",H38=""),"",E38*H38) | J38: Sep 2026 (16-17) - Promenade handwritten count, before 19 Sep transfer
A39: Promenade | B39: Systema T-shirt (Black) | C39: Merchandise | D39: M | E39: 2 | F39: pcs | I39: =IF(OR(E39="",H39=""),"",E39*H39) | J39: Sep 2026 (16-17) - Promenade handwritten count, before 19 Sep transfer
A40: Promenade | B40: Systema T-shirt (Black) | C40: Merchandise | D40: S | E40: 15 | F40: pcs | I40: =IF(OR(E40="",H40=""),"",E40*H40) | J40: Sep 2026 (16-17) - Promenade handwritten count, before 19 Sep transfer
A41: Promenade | B41: Systema T-shirt (Black) | C41: Merchandise | D41: 40 | E41: 6 | F41: pcs | I41: =IF(OR(E41="",H41=""),"",E41*H41) | J41: Sep 2026 (16-17) - Promenade handwritten count, before 19 Sep transfer | Numeric sizes 36-40 kept as separate variants
A42: Promenade | B42: Systema T-shirt (Black) | C42: Merchandise | D42: 38 | E42: 19 | F42: pcs | I42: =IF(OR(E42="",H42=""),"",E42*H42) | J42: Sep 2026 (16-17) - Promenade handwritten count, before 19 Sep transfer | Numeric sizes 36-40 kept as separate variants
A43: Promenade | B43: Systema T-shirt (Black) | C43: Merchandise | D43: 36 | E43: 20 | F43: pcs | I43: =IF(OR(E43="",H43=""),"",E43*H43) | J43: Sep 2026 (16-17) - Promenade handwritten count, before 19 Sep transfer | Numeric sizes 36-40 kept as separate variants
A44: Promenade | B44: Systema T-shirt (Gray) | C44: Merchandise | D44: 3XL | E44: 2 | F44: pcs | I44: =IF(OR(E44="",H44=""),"",E44*H44) | J44: Sep 2026 (16-17) - Promenade handwritten count, before 19 Sep transfer
A45: Promenade | B45: Systema T-shirt (Gray) | C45: Merchandise | D45: XXL | E45: 3 | F45: pcs | I45: =IF(OR(E45="",H45=""),"",E45*H45) | J45: Sep 2026 (16-17) - Promenade handwritten count, before 19 Sep transfer | XXL: 2 crossed out, 3 written
... A48: Promenade | B48: Systema T-shirt (Gray) | C48: Merchandise | D48: M | E48: 2 | F48: pcs | I48: =IF(OR(E48="",H48=""),"",E48*H48) | J48: Sep 2026 (16-17) - Promenade handwritten count, before 19 Sep transfer
A49: Promenade | B49: Systema T-shirt (Gray) | C49: Merchandise | D49: S | F49: pcs | I49: =IF(OR(E49="",H49=""),"",E49*H49) | J49: Sep 2026 (16-17) - Promenade handwritten count, before 19 Sep transfer | QUANTITY NOT WRITTEN (dash)
A50: Promenade | B50: Elite T-shirt with Logo (Old) | C50: Merchandise | D50: XL / Black | E50: 2 | F50: pcs | I50: =IF(OR(E50="",H50=""),"",E50*H50) | J50: Sep 2026 (16-17) - Promenade handwritten count, before 19 Sep transfer | Old, with logo. A second 'XL 2pcs' line was crossed out and ignored
A51: Promenade | B51: Elite T-shirt with Logo (Old) | C51: Merchandise | D51: M / Black | E51: 1 | F51: pcs | I51: =IF(OR(E51="",H51=""),"",E51*H51) | J51: Sep 2026 (16-17) - Promenade handwritten count, before 19 Sep transfer | Old, with logo
A52: Promenade | B52: Elite T-shirt with Logo (Old) | C52: Merchandise | D52: S / Black | E52: 2 | F52: pcs | I52: =IF(OR(E52="",H52=""),"",E52*H52) | J52: Sep 2026 (16-17) - Promenade handwritten count, before 19 Sep transfer | Old, with logo
A53: Promenade | B53: Elite T-shirt with Logo (Old) | C53: Merchandise | D53: XS / Black | E53: 1 | F53: pcs | I53: =IF(OR(E53="",H53=""),"",E53*H53) | J53: Sep 2026 (16-17) - Promenade handwritten count, before 19 Sep transfer | Old, with logo
A54: Promenade | B54: Elite T-shirt with Logo (Old) | C54: Merchandise | D54: L / White | E54: 1 | F54: pcs | I54: =IF(OR(E54="",H54=""),"",E54*H54) | J54: Sep 2026 (16-17) - Promenade handwritten count, before 19 Sep transfer | Old, with logo
A55: Promenade | B55: Elite T-shirt with Logo (Old) | C55: Merchandise | D55: XS / White | E55: 2 | F55: pcs | I55: =IF(OR(E55="",H55=""),"",E55*H55) | J55: Sep 2026 (16-17) - Promenade handwritten count, before 19 Sep transfer | Old, with logo
A56: Promenade | B56: Kajukimbo Uniform (With Logo, No Patches) | C56: Uniforms | D56: 110cm | E56: 1 | F56: pcs | I56: =IF(OR(E56="",H56=""),"",E56*H56) | J56: Sep 2026 (16-17) - Promenade handwritten count, before 19 Sep transfer | With logo, without patches
A57: Promenade | B57: Kajukimbo Uniform (With Logo, No Patches) | C57: Uniforms | D57: 100cm | E57: 9 | F57: pcs | I57: =IF(OR(E57="",H57=""),"",E57*H57) | J57: Sep 2026 (16-17) - Promenade handwritten count, before 19 Sep transfer | With logo, without patches
A58: Promenade | B58: Backpack with Elite Logo | C58: Merchandise | D58: - | E58: 26 | F58: pcs | I58: =IF(OR(E58="",H58=""),"",E58*H58) | J58: Sep 2026 (16-17) - Promenade handwritten count, before 19 Sep transfer
A59: Promenade | B59: Pants (Small) | C59: Uniforms | D59: 120cm | E59: 4 | F59: pcs | I59: =IF(OR(E59="",H59=""),"",E59*H59) | J59: Sep 2026 (16-17) - Promenade handwritten count, before 19 Sep transfer | Heading 'Small - pants' - item type unclear
A60: Promenade | B60: Pants (Small) | C60: Uniforms | D60: 110cm | E60: 22 | F60: pcs | I60: =IF(OR(E60="",H60=""),"",E60*H60) | J60: Sep 2026 (16-17) - Promenade handwritten count, before 19 Sep transfer | Heading 'Small - pants' - item type unclear
A61: Promenade | B61: Pants (Small) | C61: Uniforms | D61: 160cm | E61: 45 | F61: pcs | I61: =IF(OR(E61="",H61=""),"",E61*H61) | J61: Sep 2026 (16-17) - Promenade handwritten count, before 19 Sep transfer | Heading 'Small - pants'; size could be read as 160 or 180
... A67: Promenade | B67: Karate Gloves (Blue) | C67: Protective Gear | D67: S | E67: 2 | F67: pairs | I67: =IF(OR(E67="",H67=""),"",E67*H67) | J67: Sep 2026 (16-17) - Promenade handwritten count, before 19 Sep transfer
A68: Promenade | B68: Karate Gloves (Blue) | C68: Protective Gear | D68: L | F68: pairs | I68: =IF(OR(E68="",H68=""),"",E68*H68) | J68: Sep 2026 (16-17) - Promenade handwritten count, before 19 Sep transfer | QUANTITY NOT WRITTEN (dash)
A69: Promenade | B69: Bottle Water | C69: Merchandise | D69: Orange | E69: 26 | F69: pcs | I69: =IF(OR(E69="",H69=""),"",E69*H69) | J69: Sep 2026 (16-17) - Promenade handwritten count, before 19 Sep transfer | Written as 'Battle' - read as bottle water
A70: Promenade | B70: Bottle Water | C70: Merchandise | D70: White | E70: 14 | F70: pcs | I70: =IF(OR(E70="",H70=""),"",E70*H70) | J70: Sep 2026 (16-17) - Promenade handwritten count, before 19 Sep transfer | Written as 'Battle' - read as bottle water
I71: =IF(OR(E71="",H71=""),"",E71*H71)
I72: =IF(OR(E72="",H72=""),"",E72*H72)
I73: =IF(OR(E73="",H73=""),"",E73*H73)
I74: =IF(OR(E74="",H74=""),"",E74*H74)
I75: =IF(OR(E75="",H75=""),"",E75*H75)
I76: =IF(OR(E76="",H76=""),"",E76*H76)
I77: =IF(OR(E77="",H77=""),"",E77*H77)
I78: =IF(OR(E78="",H78=""),"",E78*H78)
I79: =IF(OR(E79="",H79=""),"",E79*H79)
I80: =IF(OR(E80="",H80=""),"",E80*H80)
I81: =IF(OR(E81="",H81=""),"",E81*H81)
I82: =IF(OR(E82="",H82=""),"",E82*H82)
... I200: =IF(OR(E200="",H200=""),"",E200*H200)

Sheet Bedaya
A1: Branch | B1: Item name | C1: Category | D1: Size / Variant | E1: Quantity counted | F1: Unit | G1: Reorder level | H1: Unit cost | I1: Total value | J1: Notes
A2: Bedaya | B2: Kyokushin Gloves (White) | C2: Protective Gear | D2: Small | E2: 1 | F2: pairs | I2: =IF(OR(E2="",H2=""),"",E2*H2) | J2: 17 Sep 2026 - floor count
A3: Bedaya | B3: Kyokushin Gloves (White) | C3: Protective Gear | D3: XS | E3: 2 | F3: pairs | I3: =IF(OR(E3="",H3=""),"",E3*H3) | J3: 17 Sep 2026 - floor count
A4: Bedaya | B4: Mouth Guard | C4: Protective Gear | D4: Small | E4: 2 | F4: pcs | I4: =IF(OR(E4="",H4=""),"",E4*H4) | J4: 17 Sep 2026 - floor count
A5: Bedaya | B5: Mouth Guard | C5: Protective Gear | D5: Junior | E5: 12 | F5: pcs | I5: =IF(OR(E5="",H5=""),"",E5*H5) | J5: 17 Sep 2026 - floor count
A6: Bedaya | B6: Supporter | C6: Protective Gear | D6: M | E6: 7 | F6: pcs | I6: =IF(OR(E6="",H6=""),"",E6*H6) | J6: 17 Sep 2026 - floor count | Assumed groin guard - confirm name
A7: Bedaya | B7: Supporter | C7: Protective Gear | D7: S | E7: 9 | F7: pcs | I7: =IF(OR(E7="",H7=""),"",E7*H7) | J7: 17 Sep 2026 - floor count | Assumed groin guard - confirm name
A8: Bedaya | B8: Kickboxing T-shirt | C8: Merchandise | D8: XL | E8: 2 | F8: pcs | I8: =IF(OR(E8="",H8=""),"",E8*H8) | J8: 17 Sep 2026 - floor count
A9: Bedaya | B9: Kickboxing T-shirt | C9: Merchandise | D9: L | E9: 3 | F9: pcs | I9: =IF(OR(E9="",H9=""),"",E9*H9) | J9: 17 Sep 2026 - floor count
A10: Bedaya | B10: Kickboxing T-shirt | C10: Merchandise | D10: M | E10: 0 | F10: pcs | I10: =IF(OR(E10="",H10=""),"",E10*H10) | J10: 17 Sep 2026 - floor count | OUT OF STOCK - reorder
A11: Bedaya | B11: Kickboxing T-shirt | C11: Merchandise | D11: S | E11: 0 | F11: pcs | I11: =IF(OR(E11="",H11=""),"",E11*H11) | J11: 17 Sep 2026 - floor count | OUT OF STOCK - reorder
A12: Bedaya | B12: Kickboxing T-shirt | C12: Merchandise | D12: 40 | E12: 2 | F12: pcs | I12: =IF(OR(E12="",H12=""),"",E12*H12) | J12: 17 Sep 2026 - floor count | Numeric size
A13: Bedaya | B13: Kickboxing T-shirt | C13: Merchandise | D13: 38 | E13: 1 | F13: pcs | I13: =IF(OR(E13="",H13=""),"",E13*H13) | J13: 17 Sep 2026 - floor count | Numeric size
... A63: Bedaya | B63: Elite MMA T-shirt | C63: Merchandise | D63: S | E63: 1 | F63: pcs | I63: =IF(OR(E63="",H63=""),"",E63*H63) | J63: 17 Sep 2026 - store / old stock
A64: Bedaya | B64: Shin Guard | C64: Protective Gear | D64: XL | E64: =1-2 -> -1 | F64: pairs | I64: =IF(OR(E64="",H64=""),"",E64*H64) | J64: 20 Sep 2026 - stock remaining | Count 1 less 2 transferred to Promenade 19 Sep 2026
A65: Bedaya | B65: Shin Guard | C65: Protective Gear | D65: L | E65: =2-2 -> 0 | F65: pairs | I65: =IF(OR(E65="",H65=""),"",E65*H65) | J65: 20 Sep 2026 - stock remaining | Count 2 less 2 transferred to Promenade 19 Sep 2026
A66: Bedaya | B66: Shin Guard | C66: Protective Gear | D66: M | E66: =1-2 -> -1 | F66: pairs | I66: =IF(OR(E66="",H66=""),"",E66*H66) | J66: 20 Sep 2026 - stock remaining | Count 1 less 2 transferred to Promenade 19 Sep 2026
A67: Bedaya | B67: Shin Guard | C67: Protective Gear | D67: S | E67: =1-1 -> 0 | F67: pairs | I67: =IF(OR(E67="",H67=""),"",E67*H67) | J67: 20 Sep 2026 - stock remaining | Count 1 less 1 transferred to Promenade 19 Sep 2026
A68: Bedaya | B68: Shin Guard | C68: Protective Gear | D68: XS | E68: =2-2 -> 0 | F68: pairs | I68: =IF(OR(E68="",H68=""),"",E68*H68) | J68: 20 Sep 2026 - stock remaining | Count 2 less 2 transferred to Promenade 19 Sep 2026
A69: Bedaya | B69: Boxing Gloves | C69: Protective Gear | D69: 12oz | E69: =1-1 -> 0 | F69: pairs | I69: =IF(OR(E69="",H69=""),"",E69*H69) | J69: 20 Sep 2026 - stock remaining | Count 1 less 1 transferred to Promenade 19 Sep 2026
A70: Bedaya | B70: Boxing Gloves | C70: Protective Gear | D70: 10oz | E70: =2-2 -> 0 | F70: pairs | I70: =IF(OR(E70="",H70=""),"",E70*H70) | J70: 20 Sep 2026 - stock remaining | Count 2 less 2 transferred to Promenade 19 Sep 2026
A71: Bedaya | B71: Boxing Gloves | C71: Protective Gear | D71: 8oz | E71: =3-2 -> 1 | F71: pairs | I71: =IF(OR(E71="",H71=""),"",E71*H71) | J71: 20 Sep 2026 - stock remaining | Count 3 less 2 transferred to Promenade 19 Sep 2026
A72: Bedaya | B72: Boxing Gloves | C72: Protective Gear | D72: 6oz | E72: =1-2 -> -1 | F72: pairs | I72: =IF(OR(E72="",H72=""),"",E72*H72) | J72: 20 Sep 2026 - stock remaining | Count 1 less 2 transferred to Promenade 19 Sep 2026
A73: Bedaya | B73: Boxing Gloves | C73: Protective Gear | D73: 4oz | E73: 3 | F73: pairs | I73: =IF(OR(E73="",H73=""),"",E73*H73) | J73: 20 Sep 2026 - stock remaining
A74: Bedaya | B74: Boxing Gloves | C74: Protective Gear | D74: 2oz | E74: 2 | F74: pairs | I74: =IF(OR(E74="",H74=""),"",E74*H74) | J74: 20 Sep 2026 - stock remaining
A75: Bedaya | B75: UFC Gloves | C75: Protective Gear | D75: 8oz | E75: 3 | F75: pairs | I75: =IF(OR(E75="",H75=""),"",E75*H75) | J75: 20 Sep 2026 - stock remaining
A76: Bedaya | B76: Kajukimbo Patch - Circle (Front) | C76: Patches & Badges | D76: - | E76: 25 | F76: pcs | I76: =IF(OR(E76="",H76=""),"",E76*H76) | J76: 20 Sep 2026 - stock remaining
A77: Bedaya | B77: Kajukimbo Patch - Shoulder | C77: Patches & Badges | D77: - | E77: 26 | F77: pcs | I77: =IF(OR(E77="",H77=""),"",E77*H77) | J77: 20 Sep 2026 - stock remaining | Unit not written - assumed pcs
I78: =IF(OR(E78="",H78=""),"",E78*H78)
I79: =IF(OR(E79="",H79=""),"",E79*H79)
I80: =IF(OR(E80="",H80=""),"",E80*H80)
I81: =IF(OR(E81="",H81=""),"",E81*H81)
I82: =IF(OR(E82="",H82=""),"",E82*H82)
I83: =IF(OR(E83="",H83=""),"",E83*H83)
I84: =IF(OR(E84="",H84=""),"",E84*H84)
I85: =IF(OR(E85="",H85=""),"",E85*H85)
I86: =IF(OR(E86="",H86=""),"",E86*H86)
I87: =IF(OR(E87="",H87=""),"",E87*H87)
I88: =IF(OR(E88="",H88=""),"",E88*H88)
I89: =IF(OR(E89="",H89=""),"",E89*H89)
... I200: =IF(OR(E200="",H200=""),"",E200*H200)

Sheet Bedaya vs Mindbody
A1: Bedaya - physical count vs Mindbody (Inventory On Hand, 20 Sep 2026)
A2: Physical counts are 17 and 20 Sep 2026; sales between count date and 20 Sep are NOT adjusted. Mindbody quantities (blue) are typed from the export.
A4: Summary (number of lines)
A5: Match | C5: Physical higher | E5: Mindbody higher | G5: Not in Mindbody | I5: Not counted
A6: =COUNTIF($H$10:$H$128,"Match") -> 57 | C6: =COUNTIF($H$10:$H$128,"Physical higher") -> 4 | E6: =COUNTIF($H$10:$H$128,"Mindbody higher") -> 11 | G6: =COUNTIF($H$10:$H$128,"Not in Mindbody") -> 23 | I6: =COUNTIF($H$10:$H$128,"Not counted") -> 24
A9: Mindbody product | B9: Mindbody size | C9: Counted item | D9: Counted size | E9: Physical count | F9: Mindbody qty | G9: Variance (physical - Mindbody) | H9: Status | I9: Comment
A10: Boxing Gloves | B10: 2 oz | C10: Boxing Gloves | D10: 2oz | E10: =SUMPRODUCT((Bedaya!$B$2:$B$200="Boxing Gloves")*(Bedaya!$D$2:$D$200="2oz"),Bedaya!$E$2:$E$200) -> 2 | F10: 2 | G10: =IF(OR(E10="",F10=""),"",E10-F10) -> 0 | H10: =IF(E10="","Not counted",IF(F10="","Not in Mindbody",IF(E10=F10,"Match",IF(E10>F10,"Physical higher","Mindbody higher")))) -> Match | I10: Physical reduced by pairs transferred to Promenade on 19 Sep; Mindbody quantity not adjusted.
A11: Boxing Gloves | B11: 4 oz | C11: Boxing Gloves | D11: 4oz | E11: =SUMPRODUCT((Bedaya!$B$2:$B$200="Boxing Gloves")*(Bedaya!$D$2:$D$200="4oz"),Bedaya!$E$2:$E$200) -> 3 | F11: 3 | G11: =IF(OR(E11="",F11=""),"",E11-F11) -> 0 | H11: =IF(E11="","Not counted",IF(F11="","Not in Mindbody",IF(E11=F11,"Match",IF(E11>F11,"Physical higher","Mindbody higher")))) -> Match | I11: Physical reduced by pairs transferred to Promenade on 19 Sep; Mindbody quantity not adjusted.
A12: Boxing Gloves | B12: 6 oz | C12: Boxing Gloves | D12: 6oz | E12: =SUMPRODUCT((Bedaya!$B$2:$B$200="Boxing Gloves")*(Bedaya!$D$2:$D$200="6oz"),Bedaya!$E$2:$E$200) -> -1 | F12: 1 | G12: =IF(OR(E12="",F12=""),"",E12-F12) -> -2 | H12: =IF(E12="","Not counted",IF(F12="","Not in Mindbody",IF(E12=F12,"Match",IF(E12>F12,"Physical higher","Mindbody higher")))) -> Mindbody higher | I12: Physical reduced by pairs transferred to Promenade on 19 Sep; Mindbody quantity not adjusted.
A13: Boxing Gloves | B13: 8 oz | C13: Boxing Gloves | D13: 8oz | E13: =SUMPRODUCT((Bedaya!$B$2:$B$200="Boxing Gloves")*(Bedaya!$D$2:$D$200="8oz"),Bedaya!$E$2:$E$200) -> 1 | F13: 3 | G13: =IF(OR(E13="",F13=""),"",E13-F13) -> -2 | H13: =IF(E13="","Not counted",IF(F13="","Not in Mindbody",IF(E13=F13,"Match",IF(E13>F13,"Physical higher","Mindbody higher")))) -> Mindbody higher | I13: Physical reduced by pairs transferred to Promenade on 19 Sep; Mindbody quantity not adjusted.
A14: Boxing Gloves | B14: 10 oz | C14: Boxing Gloves | D14: 10oz | E14: =SUMPRODUCT((Bedaya!$B$2:$B$200="Boxing Gloves")*(Bedaya!$D$2:$D$200="10oz"),Bedaya!$E$2:$E$200) -> 0 | F14: 2 | G14: =IF(OR(E14="",F14=""),"",E14-F14) -> -2 | H14: =IF(E14="","Not counted",IF(F14="","Not in Mindbody",IF(E14=F14,"Match",IF(E14>F14,"Physical higher","Mindbody higher")))) -> Mindbody higher | I14: Physical reduced by pairs transferred to Promenade on 19 Sep; Mindbody quantity not adjusted.
A15: Boxing Gloves | B15: 12 oz | C15: Boxing Gloves | D15: 12oz | E15: =SUMPRODUCT((Bedaya!$B$2:$B$200="Boxing Gloves")*(Bedaya!$D$2:$D$200="12oz"),Bedaya!$E$2:$E$200) -> 0 | F15: 11 | G15: =IF(OR(E15="",F15=""),"",E15-F15) -> -11 | H15: =IF(E15="","Not counted",IF(F15="","Not in Mindbody",IF(E15=F15,"Match",IF(E15>F15,"Physical higher","Mindbody higher")))) -> Mindbody higher | I15: Physical reduced by pairs transferred to Promenade on 19 Sep; Mindbody quantity not adjusted. Mindbody shows 11 vs 1 counted - recount / check for typo or unadjusted transfer
A16: Boys Protective Gear | B16: (none) | F16: 16 | G16: =IF(OR(E16="",F16=""),"",E16-F16) | H16: =IF(E16="","Not counted",IF(F16="","Not in Mindbody",IF(E16=F16,"Match",IF(E16>F16,"Physical higher","Mindbody higher")))) -> Not counted | I16: In Mindbody, not counted in store
A17: Elite Bag | B17: One Size | C17: Backpack with Elite Logo | D17: - | E17: =SUMPRODUCT((Bedaya!$B$2:$B$200="Backpack with Elite Logo")*(Bedaya!$D$2:$D$200="-"),Bedaya!$E$2:$E$200) -> 9 | F17: 9 | G17: =IF(OR(E17="",F17=""),"",E17-F17) -> 0 | H17: =IF(E17="","Not counted",IF(F17="","Not in Mindbody",IF(E17=F17,"Match",IF(E17>F17,"Physical higher","Mindbody higher")))) -> Match
A18: Elite Jacket | B18: Large | F18: 1 | G18: =IF(OR(E18="",F18=""),"",E18-F18) | H18: =IF(E18="","Not counted",IF(F18="","Not in Mindbody",IF(E18=F18,"Match",IF(E18>F18,"Physical higher","Mindbody higher")))) -> Not counted | I18: In Mindbody, not counted in store
A19: Elite Shirt (Black) | B19: (none) | F19: 7 | G19: =IF(OR(E19="",F19=""),"",E19-F19) | H19: =IF(E19="","Not counted",IF(F19="","Not in Mindbody",IF(E19=F19,"Match",IF(E19>F19,"Physical higher","Mindbody higher")))) -> Not counted | I19: In Mindbody, not counted in store
A20: Elite Shirt (White) | B20: 3 - 4 | C20: White T-shirt (Elite) | D20: 3/4 | E20: =SUMPRODUCT((Bedaya!$B$2:$B$200="White T-shirt (Elite)")*(Bedaya!$D$2:$D$200="3/4"),Bedaya!$E$2:$E$200) -> 7 | F20: 7 | G20: =IF(OR(E20="",F20=""),"",E20-F20) -> 0 | H20: =IF(E20="","Not counted",IF(F20="","Not in Mindbody",IF(E20=F20,"Match",IF(E20>F20,"Physical higher","Mindbody higher")))) -> Match
A21: Elite Shirt (White) | B21: 5 - 6 | C21: White T-shirt (Elite) | D21: 5/6 | E21: =SUMPRODUCT((Bedaya!$B$2:$B$200="White T-shirt (Elite)")*(Bedaya!$D$2:$D$200="5/6"),Bedaya!$E$2:$E$200) -> 9 | F21: 9 | G21: =IF(OR(E21="",F21=""),"",E21-F21) -> 0 | H21: =IF(E21="","Not counted",IF(F21="","Not in Mindbody",IF(E21=F21,"Match",IF(E21>F21,"Physical higher","Mindbody higher")))) -> Match
A22: Elite Shirt (White) | B22: 11 - 12 | C22: White T-shirt (Elite) | D22: 11/12 | E22: =SUMPRODUCT((Bedaya!$B$2:$B$200="White T-shirt (Elite)")*(Bedaya!$D$2:$D$200="11/12"),Bedaya!$E$2:$E$200) -> 3 | F22: 3 | G22: =IF(OR(E22="",F22=""),"",E22-F22) -> 0 | H22: =IF(E22="","Not counted",IF(F22="","Not in Mindbody",IF(E22=F22,"Match",IF(E22>F22,"Physical higher","Mindbody higher")))) -> Match
A23: Elite Shirt (White) | B23: 13 - 14 | C23: White T-shirt (Elite) | D23: 13/14 | E23: =SUMPRODUCT((Bedaya!$B$2:$B$200="White T-shirt (Elite)")*(Bedaya!$D$2:$D$200="13/14"),Bedaya!$E$2:$E$200) -> 4 | F23: 4 | G23: =IF(OR(E23="",F23=""),"",E23-F23) -> 0 | H23: =IF(E23="","Not counted",IF(F23="","Not in Mindbody",IF(E23=F23,"Match",IF(E23>F23,"Physical higher","Mindbody higher")))) -> Match
A24: Elite Shirt (White) | B24: Large | C24: Students' Elite T-shirt (White) | D24: L | E24: =SUMPRODUCT((Bedaya!$B$2:$B$200="Students' Elite T-shirt (White)")*(Bedaya!$D$2:$D$200="L"),Bedaya!$E$2:$E$200) -> 6 | F24: 6 | G24: =IF(OR(E24="",F24=""),"",E24-F24) -> 0 | H24: =IF(E24="","Not counted",IF(F24="","Not in Mindbody",IF(E24=F24,"Match",IF(E24>F24,"Physical higher","Mindbody higher")))) -> Match
A25: Elite Shirt (White) | B25: Medium | C25: Students' Elite T-shirt (White) | D25: M | E25: =SUMPRODUCT((Bedaya!$B$2:$B$200="Students' Elite T-shirt (White)")*(Bedaya!$D$2:$D$200="M"),Bedaya!$E$2:$E$200) -> 1 | F25: 1 | G25: =IF(OR(E25="",F25=""),"",E25-F25) -> 0 | H25: =IF(E25="","Not counted",IF(F25="","Not in Mindbody",IF(E25=F25,"Match",IF(E25>F25,"Physical higher","Mindbody higher")))) -> Match
A26: Elite Shirt (White) | B26: X Large | F26: 2 | G26: =IF(OR(E26="",F26=""),"",E26-F26) | H26: =IF(E26="","Not counted",IF(F26="","Not in Mindbody",IF(E26=F26,"Match",IF(E26>F26,"Physical higher","Mindbody higher")))) -> Not counted | I26: In Mindbody, not counted in store
A27: Elite Shirt (White) | B27: 9 - 10 | F27: -3 | G27: =IF(OR(E27="",F27=""),"",E27-F27) | H27: =IF(E27="","Not counted",IF(F27="","Not in Mindbody",IF(E27=F27,"Match",IF(E27>F27,"Physical higher","Mindbody higher")))) -> Not counted | I27: NEGATIVE stock in Mindbody - adjust
A28: Elite Tournament | B28: (none) | F28: -1 | G28: =IF(OR(E28="",F28=""),"",E28-F28) | H28: =IF(E28="","Not counted",IF(F28="","Not in Mindbody",IF(E28=F28,"Match",IF(E28>F28,"Physical higher","Mindbody higher")))) -> Not counted | I28: Event/service item with negative stock - not a physical item
A29: Free Belts | B29: Black | F29: 1 | G29: =IF(OR(E29="",F29=""),"",E29-F29) | H29: =IF(E29="","Not counted",IF(F29="","Not in Mindbody",IF(E29=F29,"Match",IF(E29>F29,"Physical higher","Mindbody higher")))) -> Not counted | I29: In Mindbody, not counted in store
A30: Free Belts | B30: Blue | F30: 16 | G30: =IF(OR(E30="",F30=""),"",E30-F30) | H30: =IF(E30="","Not counted",IF(F30="","Not in Mindbody",IF(E30=F30,"Match",IF(E30>F30,"Physical higher","Mindbody higher")))) -> Not counted | I30: In Mindbody, not counted in store
A31: Free Belts | B31: Brown | F31: 7 | G31: =IF(OR(E31="",F31=""),"",E31-F31) | H31: =IF(E31="","Not counted",IF(F31="","Not in Mindbody",IF(E31=F31,"Match",IF(E31>F31,"Physical higher","Mindbody higher")))) -> Not counted | I31: In Mindbody, not counted in store
A32: Free Belts | B32: Green | F32: 16 | G32: =IF(OR(E32="",F32=""),"",E32-F32) | H32: =IF(E32="","Not counted",IF(F32="","Not in Mindbody",IF(E32=F32,"Match",IF(E32>F32,"Physical higher","Mindbody higher")))) -> Not counted | I32: In Mindbody, not counted in store
A33: Free Belts | B33: Orange | F33: 25 | G33: =IF(OR(E33="",F33=""),"",E33-F33) | H33: =IF(E33="","Not counted",IF(F33="","Not in Mindbody",IF(E33=F33,"Match",IF(E33>F33,"Physical higher","Mindbody higher")))) -> Not counted | I33: In Mindbody, not counted in store
A34: Free Belts | B34: Purple | F34: 31 | G34: =IF(OR(E34="",F34=""),"",E34-F34) | H34: =IF(E34="","Not counted",IF(F34="","Not in Mindbody",IF(E34=F34,"Match",IF(E34>F34,"Physical higher","Mindbody higher")))) -> Not counted | I34: In Mindbody, not counted in store
A35: Free Belts | B35: Red | F35: 21 | G35: =IF(OR(E35="",F35=""),"",E35-F35) | H35: =IF(E35="","Not counted",IF(F35="","Not in Mindbody",IF(E35=F35,"Match",IF(E35>F35,"Physical higher","Mindbody higher")))) -> Not counted | I35: In Mindbody, not counted in store
A36: Free Belts | B36: Yellow | F36: 20 | G36: =IF(OR(E36="",F36=""),"",E36-F36) | H36: =IF(E36="","Not counted",IF(F36="","Not in Mindbody",IF(E36=F36,"Match",IF(E36>F36,"Physical higher","Mindbody higher")))) -> Not counted | I36: In Mindbody, not counted in store
A37: Instructor Shirt | B37: (no XL / L line) | C37: Instructor T-shirt (Elite Logo) | D37: XL | E37: =SUMPRODUCT((Bedaya!$B$2:$B$200="Instructor T-shirt (Elite Logo)")*(Bedaya!$D$2:$D$200="XL"),Bedaya!$E$2:$E$200) -> 3 | G37: =IF(OR(E37="",F37=""),"",E37-F37) | H37: =IF(E37="","Not counted",IF(F37="","Not in Mindbody",IF(E37=F37,"Match",IF(E37>F37,"Physical higher","Mindbody higher")))) -> Not in Mindbody | I37: Mindbody only has Grey S and XXL (both 0)
A38: Instructor Shirt | B38: (no XL / L line) | C38: Instructor T-shirt (Elite Logo) | D38: L | E38: =SUMPRODUCT((Bedaya!$B$2:$B$200="Instructor T-shirt (Elite Logo)")*(Bedaya!$D$2:$D$200="L"),Bedaya!$E$2:$E$200) -> 1 | G38: =IF(OR(E38="",F38=""),"",E38-F38) | H38: =IF(E38="","Not counted",IF(F38="","Not in Mindbody",IF(E38=F38,"Match",IF(E38>F38,"Physical higher","Mindbody higher")))) -> Not in Mindbody | I38: Mindbody only has Grey S and XXL (both 0)
A39: Kajukenbo Patch | B39: (one line for both patches) | C39: Kajukimbo Patch - Circle (Front) + Kajukimbo Patch - Shoulder | D39: - + - | E39: =SUMPRODUCT((Bedaya!$B$2:$B$200="Kajukimbo Patch - Circle (Front)")*(Bedaya!$D$2:$D$200="-"),Bedaya!$E$2:$E$200)+SUMPRODUCT((Bedaya!$B$2:$B$200="Kajukimbo Patch - Shoulder")*(Bedaya!$D$2:$D$200="-"),Bedaya!$E$2:$E$200) -> 51 | F39: 62 | G39: =IF(OR(E39="",F39=""),"",E39-F39) -> -11 | H39: =IF(E39="","Not counted",IF(F39="","Not in Mindbody",IF(E39=F39,"Match",IF(E39>F39,"Physical higher","Mindbody higher")))) -> Mindbody higher | I39: Circle 25 + Shoulder 26 compared with the single Mindbody line (Promenade patches excluded)
A40: Kajukenbo Uniform w/ Patches | B40: 100 | C40: Kajukimbo Uniform | D40: 100cm | E40: =SUMPRODUCT((Bedaya!$B$2:$B$200="Kajukimbo Uniform")*(Bedaya!$D$2:$D$200="100cm"),Bedaya!$E$2:$E$200) -> 5 | F40: 5 | G40: =IF(OR(E40="",F40=""),"",E40-F40) -> 0 | H40: =IF(E40="","Not counted",IF(F40="","Not in Mindbody",IF(E40=F40,"Match",IF(E40>F40,"Physical higher","Mindbody higher")))) -> Match
A41: Kajukenbo Uniform w/ Patches | B41: 110 | C41: Kajukimbo Uniform | D41: 110cm | E41: =SUMPRODUCT((Bedaya!$B$2:$B$200="Kajukimbo Uniform")*(Bedaya!$D$2:$D$200="110cm"),Bedaya!$E$2:$E$200) -> 4 | F41: 4 | G41: =IF(OR(E41="",F41=""),"",E41-F41) -> 0 | H41: =IF(E41="","Not counted",IF(F41="","Not in Mindbody",IF(E41=F41,"Match",IF(E41>F41,"Physical higher","Mindbody higher")))) -> Match
A42: Kajukenbo Uniform w/ Patches | B42: 120 | C42: Kajukimbo Uniform | D42: 120cm | E42: =SUMPRODUCT((Bedaya!$B$2:$B$200="Kajukimbo Uniform")*(Bedaya!$D$2:$D$200="120cm"),Bedaya!$E$2:$E$200) -> 0 | F42: 0 | G42: =IF(OR(E42="",F42=""),"",E42-F42) -> 0 | H42: =IF(E42="","Not counted",IF(F42="","Not in Mindbody",IF(E42=F42,"Match",IF(E42>F42,"Physical higher","Mindbody higher")))) -> Match
A43: Kajukenbo Uniform w/ Patches | B43: 130 | C43: Kajukimbo Uniform | D43: 130cm | E43: =SUMPRODUCT((Bedaya!$B$2:$B$200="Kajukimbo Uniform")*(Bedaya!$D$2:$D$200="130cm"),Bedaya!$E$2:$E$200) -> 1 | F43: 1 | G43: =IF(OR(E43="",F43=""),"",E43-F43) -> 0 | H43: =IF(E43="","Not counted",IF(F43="","Not in Mindbody",IF(E43=F43,"Match",IF(E43>F43,"Physical higher","Mindbody higher")))) -> Match
A44: Kajukenbo Uniform w/ Patches | B44: 140 | C44: Kajukimbo Uniform | D44: 140cm | E44: =SUMPRODUCT((Bedaya!$B$2:$B$200="Kajukimbo Uniform")*(Bedaya!$D$2:$D$200="140cm"),Bedaya!$E$2:$E$200) -> 3 | F44: 3 | G44: =IF(OR(E44="",F44=""),"",E44-F44) -> 0 | H44: =IF(E44="","Not counted",IF(F44="","Not in Mindbody",IF(E44=F44,"Match",IF(E44>F44,"Physical higher","Mindbody higher")))) -> Match
A45: Kajukenbo Uniform w/ Patches | B45: 150 | C45: Kajukimbo Uniform | D45: 150cm | E45: =SUMPRODUCT((Bedaya!$B$2:$B$200="Kajukimbo Uniform")*(Bedaya!$D$2:$D$200="150cm"),Bedaya!$E$2:$E$200) -> 3 | F45: 3 | G45: =IF(OR(E45="",F45=""),"",E45-F45) -> 0 | H45: =IF(E45="","Not counted",IF(F45="","Not in Mindbody",IF(E45=F45,"Match",IF(E45>F45,"Physical higher","Mindbody higher")))) -> Match
A46: Kajukenbo Uniform w/ Patches | B46: 160 | C46: Kajukimbo Uniform | D46: 160cm | E46: =SUMPRODUCT((Bedaya!$B$2:$B$200="Kajukimbo Uniform")*(Bedaya!$D$2:$D$200="160cm"),Bedaya!$E$2:$E$200) -> 5 | F46: 5 | G46: =IF(OR(E46="",F46=""),"",E46-F46) -> 0 | H46: =IF(E46="","Not counted",IF(F46="","Not in Mindbody",IF(E46=F46,"Match",IF(E46>F46,"Physical higher","Mindbody higher")))) -> Match
A47: Kajukenbo Uniform w/ Patches | B47: 170 | C47: Kajukimbo Uniform | D47: 170cm | E47: =SUMPRODUCT((Bedaya!$B$2:$B$200="Kajukimbo Uniform")*(Bedaya!$D$2:$D$200="170cm"),Bedaya!$E$2:$E$200) -> 2 | F47: 2 | G47: =IF(OR(E47="",F47=""),"",E47-F47) -> 0 | H47: =IF(E47="","Not counted",IF(F47="","Not in Mindbody",IF(E47=F47,"Match",IF(E47>F47,"Physical higher","Mindbody higher")))) -> Match
A48: Kajukenbo Uniform w/ Patches | B48: 180 | C48: Kajukimbo Uniform | D48: 180cm | E48: =SUMPRODUCT((Bedaya!$B$2:$B$200="Kajukimbo Uniform")*(Bedaya!$D$2:$D$200="180cm"),Bedaya!$E$2:$E$200) -> 2 | F48: 2 | G48: =IF(OR(E48="",F48=""),"",E48-F48) -> 0 | H48: =IF(E48="","Not counted",IF(F48="","Not in Mindbody",IF(E48=F48,"Match",IF(E48>F48,"Physical higher","Mindbody higher")))) -> Match
A49: Kajukenbo Uniform w/ Patches | B49: (no 190 line) | C49: Kajukimbo Uniform | D49: 190cm | E49: =SUMPRODUCT((Bedaya!$B$2:$B$200="Kajukimbo Uniform")*(Bedaya!$D$2:$D$200="190cm"),Bedaya!$E$2:$E$200) -> 2 | G49: =IF(OR(E49="",F49=""),"",E49-F49) | H49: =IF(E49="","Not counted",IF(F49="","Not in Mindbody",IF(E49=F49,"Match",IF(E49>F49,"Physical higher","Mindbody higher")))) -> Not in Mindbody | I49: Mindbody only has size 210 (0)
A50: Kajukenbo Uniform w/ Patches | B50: (no 200 line) | C50: Kajukimbo Uniform | D50: 200cm | E50: =SUMPRODUCT((Bedaya!$B$2:$B$200="Kajukimbo Uniform")*(Bedaya!$D$2:$D$200="200cm"),Bedaya!$E$2:$E$200) -> 2 | G50: =IF(OR(E50="",F50=""),"",E50-F50) | H50: =IF(E50="","Not counted",IF(F50="","Not in Mindbody",IF(E50=F50,"Match",IF(E50>F50,"Physical higher","Mindbody higher")))) -> Not in Mindbody | I50: Mindbody only has size 210 (0)
A51: Kickboxing Shirt | B51: 32 | C51: Kickboxing T-shirt | D51: 32 | E51: =SUMPRODUCT((Bedaya!$B$2:$B$200="Kickboxing T-shirt")*(Bedaya!$D$2:$D$200="32"),Bedaya!$E$2:$E$200) -> 3 | F51: 3 | G51: =IF(OR(E51="",F51=""),"",E51-F51) -> 0 | H51: =IF(E51="","Not counted",IF(F51="","Not in Mindbody",IF(E51=F51,"Match",IF(E51>F51,"Physical higher","Mindbody higher")))) -> Match
A52: Kickboxing Shirt | B52: 34 | C52: Kickboxing T-shirt | D52: 34 | E52: =SUMPRODUCT((Bedaya!$B$2:$B$200="Kickboxing T-shirt")*(Bedaya!$D$2:$D$200="34"),Bedaya!$E$2:$E$200) -> 2 | F52: 2 | G52: =IF(OR(E52="",F52=""),"",E52-F52) -> 0 | H52: =IF(E52="","Not counted",IF(F52="","Not in Mindbody",IF(E52=F52,"Match",IF(E52>F52,"Physical higher","Mindbody higher")))) -> Match
A53: Kickboxing Shirt | B53: 36 | C53: Kickboxing T-shirt | D53: 36 | E53: =SUMPRODUCT((Bedaya!$B$2:$B$200="Kickboxing T-shirt")*(Bedaya!$D$2:$D$200="36"),Bedaya!$E$2:$E$200) -> 4 | F53: 4 | G53: =IF(OR(E53="",F53=""),"",E53-F53) -> 0 | H53: =IF(E53="","Not counted",IF(F53="","Not in Mindbody",IF(E53=F53,"Match",IF(E53>F53,"Physical higher","Mindbody higher")))) -> Match
A54: Kickboxing Shirt | B54: 38 | C54: Kickboxing T-shirt | D54: 38 | E54: =SUMPRODUCT((Bedaya!$B$2:$B$200="Kickboxing T-shirt")*(Bedaya!$D$2:$D$200="38"),Bedaya!$E$2:$E$200) -> 1 | F54: 1 | G54: =IF(OR(E54="",F54=""),"",E54-F54) -> 0 | H54: =IF(E54="","Not counted",IF(F54="","Not in Mindbody",IF(E54=F54,"Match",IF(E54>F54,"Physical higher","Mindbody higher")))) -> Match
A55: Kickboxing Shirt | B55: 40 | C55: Kickboxing T-shirt | D55: 40 | E55: =SUMPRODUCT((Bedaya!$B$2:$B$200="Kickboxing T-shirt")*(Bedaya!$D$2:$D$200="40"),Bedaya!$E$2:$E$200) -> 2 | F55: 2 | G55: =IF(OR(E55="",F55=""),"",E55-F55) -> 0 | H55: =IF(E55="","Not counted",IF(F55="","Not in Mindbody",IF(E55=F55,"Match",IF(E55>F55,"Physical higher","Mindbody higher")))) -> Match
A56: Kickboxing Shirt | B56: Large | C56: Kickboxing T-shirt | D56: L | E56: =SUMPRODUCT((Bedaya!$B$2:$B$200="Kickboxing T-shirt")*(Bedaya!$D$2:$D$200="L"),Bedaya!$E$2:$E$200) -> 3 | F56: 3 | G56: =IF(OR(E56="",F56=""),"",E56-F56) -> 0 | H56: =IF(E56="","Not counted",IF(F56="","Not in Mindbody",IF(E56=F56,"Match",IF(E56>F56,"Physical higher","Mindbody higher")))) -> Match
A57: Kickboxing Shirt | B57: Medium | C57: Kickboxing T-shirt | D57: M | E57: =SUMPRODUCT((Bedaya!$B$2:$B$200="Kickboxing T-shirt")*(Bedaya!$D$2:$D$200="M"),Bedaya!$E$2:$E$200) -> 0 | F57: 0 | G57: =IF(OR(E57="",F57=""),"",E57-F57) -> 0 | H57: =IF(E57="","Not counted",IF(F57="","Not in Mindbody",IF(E57=F57,"Match",IF(E57>F57,"Physical higher","Mindbody higher")))) -> Match
A58: Kickboxing Shirt | B58: Small | C58: Kickboxing T-shirt | D58: S | E58: =SUMPRODUCT((Bedaya!$B$2:$B$200="Kickboxing T-shirt")*(Bedaya!$D$2:$D$200="S"),Bedaya!$E$2:$E$200) -> 0 | F58: 0 | G58: =IF(OR(E58="",F58=""),"",E58-F58) -> 0 | H58: =IF(E58="","Not counted",IF(F58="","Not in Mindbody",IF(E58=F58,"Match",IF(E58>F58,"Physical higher","Mindbody higher")))) -> Match
A59: Kickboxing Shirt | B59: X Large | C59: Kickboxing T-shirt | D59: XL | E59: =SUMPRODUCT((Bedaya!$B$2:$B$200="Kickboxing T-shirt")*(Bedaya!$D$2:$D$200="XL"),Bedaya!$E$2:$E$200) -> 2 | F59: 2 | G59: =IF(OR(E59="",F59=""),"",E59-F59) -> 0 | H59: =IF(E59="","Not counted",IF(F59="","Not in Mindbody",IF(E59=F59,"Match",IF(E59>F59,"Physical higher","Mindbody higher")))) -> Match
A60: Kyokushin Gloves | B60: Extra Small | C60: Kyokushin Gloves (White) | D60: XS | E60: =SUMPRODUCT((Bedaya!$B$2:$B$200="Kyokushin Gloves (White)")*(Bedaya!$D$2:$D$200="XS"),Bedaya!$E$2:$E$200) -> 2 | F60: 2 | G60: =IF(OR(E60="",F60=""),"",E60-F60) -> 0 | H60: =IF(E60="","Not counted",IF(F60="","Not in Mindbody",IF(E60=F60,"Match",IF(E60>F60,"Physical higher","Mindbody higher")))) -> Match
A61: Kyokushin Gloves | B61: Small | C61: Kyokushin Gloves (White) | D61: Small | E61: =SUMPRODUCT((Bedaya!$B$2:$B$200="Kyokushin Gloves (White)")*(Bedaya!$D$2:$D$200="Small"),Bedaya!$E$2:$E$200) -> 1 | F61: 1 | G61: =IF(OR(E61="",F61=""),"",E61-F61) -> 0 | H61: =IF(E61="","Not counted",IF(F61="","Not in Mindbody",IF(E61=F61,"Match",IF(E61>F61,"Physical higher","Mindbody higher")))) -> Match
A62: Kyokushin Gloves | B62: Medium | F62: 12 | G62: =IF(OR(E62="",F62=""),"",E62-F62) | H62: =IF(E62="","Not counted",IF(F62="","Not in Mindbody",IF(E62=F62,"Match",IF(E62>F62,"Physical higher","Mindbody higher")))) -> Not counted | I62: In Mindbody, not counted in store
A63: Kyokushin Gloves | B63: Large | F63: 3 | G63: =IF(OR(E63="",F63=""),"",E63-F63) | H63: =IF(E63="","Not counted",IF(F63="","Not in Mindbody",IF(E63=F63,"Match",IF(E63>F63,"Physical higher","Mindbody higher")))) -> Not counted | I63: In Mindbody, not counted in store
A64: Kyokushin Test | B64: (none) | F64: -24 | G64: =IF(OR(E64="",F64=""),"",E64-F64) | H64: =IF(E64="","Not counted",IF(F64="","Not in Mindbody",IF(E64=F64,"Match",IF(E64>F64,"Physical higher","Mindbody higher")))) -> Not counted | I64: Event/test item with negative stock - not a physical item
A65: MMA T-Shirt | B65: Large | C65: Elite MMA T-shirt | D65: L | E65: =SUMPRODUCT((Bedaya!$B$2:$B$200="Elite MMA T-shirt")*(Bedaya!$D$2:$D$200="L"),Bedaya!$E$2:$E$200) -> 1 | F65: 1 | G65: =IF(OR(E65="",F65=""),"",E65-F65) -> 0 | H65: =IF(E65="","Not counted",IF(F65="","Not in Mindbody",IF(E65=F65,"Match",IF(E65>F65,"Physical higher","Mindbody higher")))) -> Match
A66: MMA T-Shirt | B66: Medium | C66: Elite MMA T-shirt | D66: M | E66: =SUMPRODUCT((Bedaya!$B$2:$B$200="Elite MMA T-shirt")*(Bedaya!$D$2:$D$200="M"),Bedaya!$E$2:$E$200) -> 3 | F66: 3 | G66: =IF(OR(E66="",F66=""),"",E66-F66) -> 0 | H66: =IF(E66="","Not counted",IF(F66="","Not in Mindbody",IF(E66=F66,"Match",IF(E66>F66,"Physical higher","Mindbody higher")))) -> Match
A67: MMA T-Shirt | B67: Small | C67: Elite MMA T-shirt | D67: S | E67: =SUMPRODUCT((Bedaya!$B$2:$B$200="Elite MMA T-shirt")*(Bedaya!$D$2:$D$200="S"),Bedaya!$E$2:$E$200) -> 1 | F67: 1 | G67: =IF(OR(E67="",F67=""),"",E67-F67) -> 0 | H67: =IF(E67="","Not counted",IF(F67="","Not in Mindbody",IF(E67=F67,"Match",IF(E67>F67,"Physical higher","Mindbody higher")))) -> Match
A68: Mouth Guard | B68: (no size) | C68: Mouth Guard | D68: Small | E68: =SUMPRODUCT((Bedaya!$B$2:$B$200="Mouth Guard")*(Bedaya!$D$2:$D$200="Small"),Bedaya!$E$2:$E$200) -> 2 | F68: 2 | G68: =IF(OR(E68="",F68=""),"",E68-F68) -> 0 | H68: =IF(E68="","Not counted",IF(F68="","Not in Mindbody",IF(E68=F68,"Match",IF(E68>F68,"Physical higher","Mindbody higher")))) -> Match | I68: Assumed the single Mindbody line is the Small size
A69: Mouth Guard | B69: (no Junior line) | C69: Mouth Guard | D69: Junior | E69: =SUMPRODUCT((Bedaya!$B$2:$B$200="Mouth Guard")*(Bedaya!$D$2:$D$200="Junior"),Bedaya!$E$2:$E$200) -> 12 | G69: =IF(OR(E69="",F69=""),"",E69-F69) | H69: =IF(E69="","Not counted",IF(F69="","Not in Mindbody",IF(E69=F69,"Match",IF(E69>F69,"Physical higher","Mindbody higher")))) -> Not in Mindbody | I69: No Junior mouth guard in Mindbody
A70: New Judo | B70: 100 | C70: Judo Uniform | D70: 100cm | E70: =SUMPRODUCT(('No Program'!$B$2:$B$200="Judo Uniform")*('No Program'!$D$2:$D$200="100cm"),'No Program'!$E$2:$E$200) -> 9 | F70: 8 | G70: =IF(OR(E70="",F70=""),"",E70-F70) -> 1 | H70: =IF(E70="","Not counted",IF(F70="","Not in Mindbody",IF(E70=F70,"Match",IF(E70>F70,"Physical higher","Mindbody higher")))) -> Physical higher | I70: Judo - No Program tab (physical 9 vs 8)
A71: New Judo | B71: 110 | C71: Judo Uniform | D71: 110cm | E71: =SUMPRODUCT(('No Program'!$B$2:$B$200="Judo Uniform")*('No Program'!$D$2:$D$200="110cm"),'No Program'!$E$2:$E$200) -> 9 | F71: 9 | G71: =IF(OR(E71="",F71=""),"",E71-F71) -> 0 | H71: =IF(E71="","Not counted",IF(F71="","Not in Mindbody",IF(E71=F71,"Match",IF(E71>F71,"Physical higher","Mindbody higher")))) -> Match | I71: Judo - No Program tab
A72: New Judo | B72: 120 | C72: Judo Uniform | D72: 120cm | E72: =SUMPRODUCT(('No Program'!$B$2:$B$200="Judo Uniform")*('No Program'!$D$2:$D$200="120cm"),'No Program'!$E$2:$E$200) -> 6 | F72: 6 | G72: =IF(OR(E72="",F72=""),"",E72-F72) -> 0 | H72: =IF(E72="","Not counted",IF(F72="","Not in Mindbody",IF(E72=F72,"Match",IF(E72>F72,"Physical higher","Mindbody higher")))) -> Match | I72: Judo - No Program tab
A73: New Judo | B73: 130 | C73: Judo Uniform | D73: 130cm | E73: =SUMPRODUCT(('No Program'!$B$2:$B$200="Judo Uniform")*('No Program'!$D$2:$D$200="130cm"),'No Program'!$E$2:$E$200) -> 3 | F73: 3 | G73: =IF(OR(E73="",F73=""),"",E73-F73) -> 0 | H73: =IF(E73="","Not counted",IF(F73="","Not in Mindbody",IF(E73=F73,"Match",IF(E73>F73,"Physical higher","Mindbody higher")))) -> Match | I73: Judo - No Program tab
A74: New Judo | B74: 140 | C74: Judo Uniform | D74: 140cm | E74: =SUMPRODUCT(('No Program'!$B$2:$B$200="Judo Uniform")*('No Program'!$D$2:$D$200="140cm"),'No Program'!$E$2:$E$200) -> 8 | F74: 8 | G74: =IF(OR(E74="",F74=""),"",E74-F74) -> 0 | H74: =IF(E74="","Not counted",IF(F74="","Not in Mindbody",IF(E74=F74,"Match",IF(E74>F74,"Physical higher","Mindbody higher")))) -> Match | I74: Judo - No Program tab
A75: New Judo | B75: 160 | C75: Judo Uniform | D75: 160cm | E75: =SUMPRODUCT(('No Program'!$B$2:$B$200="Judo Uniform")*('No Program'!$D$2:$D$200="160cm"),'No Program'!$E$2:$E$200) -> 1 | F75: 1 | G75: =IF(OR(E75="",F75=""),"",E75-F75) -> 0 | H75: =IF(E75="","Not counted",IF(F75="","Not in Mindbody",IF(E75=F75,"Match",IF(E75>F75,"Physical higher","Mindbody higher")))) -> Match | I75: Judo - No Program tab
A76: New Judo | B76: 150 (+ 'New Judo 150') | C76: Judo Uniform | D76: 150cm | E76: =SUMPRODUCT(('No Program'!$B$2:$B$200="Judo Uniform")*('No Program'!$D$2:$D$200="150cm"),'No Program'!$E$2:$E$200) -> 6 | F76: 6 | G76: =IF(OR(E76="",F76=""),"",E76-F76) -> 0 | H76: =IF(E76="","Not counted",IF(F76="","Not in Mindbody",IF(E76=F76,"Match",IF(E76>F76,"Physical higher","Mindbody higher")))) -> Match | I76: Judo - No Program tab. Mindbody: New Judo 150 = 0 plus New Judo 150 (Olympia) = 6
A77: New Judo | B77: 170 | C77: Judo Uniform | D77: 170cm | F77: 0 | G77: =IF(OR(E77="",F77=""),"",E77-F77) | H77: =IF(E77="","Not counted",IF(F77="","Not in Mindbody",IF(E77=F77,"Match",IF(E77>F77,"Physical higher","Mindbody higher")))) -> Not counted | I77: Physical quantity was never written - confirm
A78: New Karate | B78: 100 | C78: Karate Uniform | D78: 100cm | E78: =SUMPRODUCT((Bedaya!$B$2:$B$200="Karate Uniform")*(Bedaya!$D$2:$D$200="100cm"),Bedaya!$E$2:$E$200) -> 11 | F78: 11 | G78: =IF(OR(E78="",F78=""),"",E78-F78) -> 0 | H78: =IF(E78="","Not counted",IF(F78="","Not in Mindbody",IF(E78=F78,"Match",IF(E78>F78,"Physical higher","Mindbody higher")))) -> Match
A79: New Karate | B79: 110 | C79: Karate Uniform | D79: 110cm | E79: =SUMPRODUCT((Bedaya!$B$2:$B$200="Karate Uniform")*(Bedaya!$D$2:$D$200="110cm"),Bedaya!$E$2:$E$200) -> 4 | F79: 4 | G79: =IF(OR(E79="",F79=""),"",E79-F79) -> 0 | H79: =IF(E79="","Not counted",IF(F79="","Not in Mindbody",IF(E79=F79,"Match",IF(E79>F79,"Physical higher","Mindbody higher")))) -> Match
A80: New Karate | B80: 120 | C80: Karate Uniform | D80: 120cm | E80: =SUMPRODUCT((Bedaya!$B$2:$B$200="Karate Uniform")*(Bedaya!$D$2:$D$200="120cm"),Bedaya!$E$2:$E$200) -> 3 | F80: 3 | G80: =IF(OR(E80="",F80=""),"",E80-F80) -> 0 | H80: =IF(E80="","Not counted",IF(F80="","Not in Mindbody",IF(E80=F80,"Match",IF(E80>F80,"Physical higher","Mindbody higher")))) -> Match
A81: New Karate | B81: 130 | C81: Karate Uniform | D81: 130cm | E81: =SUMPRODUCT((Bedaya!$B$2:$B$200="Karate Uniform")*(Bedaya!$D$2:$D$200="130cm"),Bedaya!$E$2:$E$200) -> 4 | F81: 4 | G81: =IF(OR(E81="",F81=""),"",E81-F81) -> 0 | H81: =IF(E81="","Not counted",IF(F81="","Not in Mindbody",IF(E81=F81,"Match",IF(E81>F81,"Physical higher","Mindbody higher")))) -> Match
A82: New Karate | B82: 140 | C82: Karate Uniform | D82: 140cm | E82: =SUMPRODUCT((Bedaya!$B$2:$B$200="Karate Uniform")*(Bedaya!$D$2:$D$200="140cm"),Bedaya!$E$2:$E$200) -> 3 | F82: 3 | G82: =IF(OR(E82="",F82=""),"",E82-F82) -> 0 | H82: =IF(E82="","Not counted",IF(F82="","Not in Mindbody",IF(E82=F82,"Match",IF(E82>F82,"Physical higher","Mindbody higher")))) -> Match
A83: New Karate | B83: 150 | C83: Karate Uniform | D83: 150cm | E83: =SUMPRODUCT((Bedaya!$B$2:$B$200="Karate Uniform")*(Bedaya!$D$2:$D$200="150cm"),Bedaya!$E$2:$E$200) -> 4 | F83: 2 | G83: =IF(OR(E83="",F83=""),"",E83-F83) -> 2 | H83: =IF(E83="","Not counted",IF(F83="","Not in Mindbody",IF(E83=F83,"Match",IF(E83>F83,"Physical higher","Mindbody higher")))) -> Physical higher | I83: Mindbody 150 = 2 (the '150 / 160' line is 0)
A84: New Karate | B84: 160 | C84: Karate Uniform | D84: 160cm | E84: =SUMPRODUCT((Bedaya!$B$2:$B$200="Karate Uniform")*(Bedaya!$D$2:$D$200="160cm"),Bedaya!$E$2:$E$200) -> 4 | F84: 3 | G84: =IF(OR(E84="",F84=""),"",E84-F84) -> 1 | H84: =IF(E84="","Not counted",IF(F84="","Not in Mindbody",IF(E84=F84,"Match",IF(E84>F84,"Physical higher","Mindbody higher")))) -> Physical higher
A85: New Karate | B85: 170 | C85: Karate Uniform | D85: 170cm | E85: =SUMPRODUCT((Bedaya!$B$2:$B$200="Karate Uniform")*(Bedaya!$D$2:$D$200="170cm"),Bedaya!$E$2:$E$200) -> 3 | F85: 3 | G85: =IF(OR(E85="",F85=""),"",E85-F85) -> 0 | H85: =IF(E85="","Not counted",IF(F85="","Not in Mindbody",IF(E85=F85,"Match",IF(E85>F85,"Physical higher","Mindbody higher")))) -> Match
A86: New Karate | B86: 180 | C86: Karate Uniform | D86: 180cm | E86: =SUMPRODUCT((Bedaya!$B$2:$B$200="Karate Uniform")*(Bedaya!$D$2:$D$200="180cm"),Bedaya!$E$2:$E$200) -> 1 | F86: 1 | G86: =IF(OR(E86="",F86=""),"",E86-F86) -> 0 | H86: =IF(E86="","Not counted",IF(F86="","Not in Mindbody",IF(E86=F86,"Match",IF(E86>F86,"Physical higher","Mindbody higher")))) -> Match
A87: New Karate | B87: 200 | C87: Karate Uniform | D87: 200cm | E87: =SUMPRODUCT((Bedaya!$B$2:$B$200="Karate Uniform")*(Bedaya!$D$2:$D$200="200cm"),Bedaya!$E$2:$E$200) -> 1 | F87: 1 | G87: =IF(OR(E87="",F87=""),"",E87-F87) -> 0 | H87: =IF(E87="","Not counted",IF(F87="","Not in Mindbody",IF(E87=F87,"Match",IF(E87>F87,"Physical higher","Mindbody higher")))) -> Match
A88: New Karate | B88: (no 190 line) | C88: Karate Uniform | D88: 190cm | E88: =SUMPRODUCT((Bedaya!$B$2:$B$200="Karate Uniform")*(Bedaya!$D$2:$D$200="190cm"),Bedaya!$E$2:$E$200) -> 2 | G88: =IF(OR(E88="",F88=""),"",E88-F88) | H88: =IF(E88="","Not counted",IF(F88="","Not in Mindbody",IF(E88=F88,"Match",IF(E88>F88,"Physical higher","Mindbody higher")))) -> Not in Mindbody | I88: No 190 size in Mindbody
A89: New Taekwondo | B89: 100 | C89: Taekwondo Uniform | D89: 100cm | E89: =SUMPRODUCT((Bedaya!$B$2:$B$200="Taekwondo Uniform")*(Bedaya!$D$2:$D$200="100cm"),Bedaya!$E$2:$E$200) -> 6 | F89: 6 | G89: =IF(OR(E89="",F89=""),"",E89-F89) -> 0 | H89: =IF(E89="","Not counted",IF(F89="","Not in Mindbody",IF(E89=F89,"Match",IF(E89>F89,"Physical higher","Mindbody higher")))) -> Match
A90: New Taekwondo | B90: 110 | C90: Taekwondo Uniform | D90: 110cm | E90: =SUMPRODUCT((Bedaya!$B$2:$B$200="Taekwondo Uniform")*(Bedaya!$D$2:$D$200="110cm"),Bedaya!$E$2:$E$200) -> 4 | F90: 4 | G90: =IF(OR(E90="",F90=""),"",E90-F90) -> 0 | H90: =IF(E90="","Not counted",IF(F90="","Not in Mindbody",IF(E90=F90,"Match",IF(E90>F90,"Physical higher","Mindbody higher")))) -> Match
A91: New Taekwondo | B91: 120 | C91: Taekwondo Uniform | D91: 120cm | E91: =SUMPRODUCT((Bedaya!$B$2:$B$200="Taekwondo Uniform")*(Bedaya!$D$2:$D$200="120cm"),Bedaya!$E$2:$E$200) -> 7 | F91: 7 | G91: =IF(OR(E91="",F91=""),"",E91-F91) -> 0 | H91: =IF(E91="","Not counted",IF(F91="","Not in Mindbody",IF(E91=F91,"Match",IF(E91>F91,"Physical higher","Mindbody higher")))) -> Match
A92: New Taekwondo | B92: 130 | C92: Taekwondo Uniform | D92: 130cm | E92: =SUMPRODUCT((Bedaya!$B$2:$B$200="Taekwondo Uniform")*(Bedaya!$D$2:$D$200="130cm"),Bedaya!$E$2:$E$200) -> 3 | F92: 3 | G92: =IF(OR(E92="",F92=""),"",E92-F92) -> 0 | H92: =IF(E92="","Not counted",IF(F92="","Not in Mindbody",IF(E92=F92,"Match",IF(E92>F92,"Physical higher","Mindbody higher")))) -> Match
A93: New Taekwondo | B93: 140 | C93: Taekwondo Uniform | D93: 140cm | E93: =SUMPRODUCT((Bedaya!$B$2:$B$200="Taekwondo Uniform")*(Bedaya!$D$2:$D$200="140cm"),Bedaya!$E$2:$E$200) -> 7 | F93: 7 | G93: =IF(OR(E93="",F93=""),"",E93-F93) -> 0 | H93: =IF(E93="","Not counted",IF(F93="","Not in Mindbody",IF(E93=F93,"Match",IF(E93>F93,"Physical higher","Mindbody higher")))) -> Match
A94: New Taekwondo | B94: 150 | C94: Taekwondo Uniform | D94: 150cm | E94: =SUMPRODUCT((Bedaya!$B$2:$B$200="Taekwondo Uniform")*(Bedaya!$D$2:$D$200="150cm"),Bedaya!$E$2:$E$200) -> 3 | F94: 5 | G94: =IF(OR(E94="",F94=""),"",E94-F94) -> -2 | H94: =IF(E94="","Not counted",IF(F94="","Not in Mindbody",IF(E94=F94,"Match",IF(E94>F94,"Physical higher","Mindbody higher")))) -> Mindbody higher
A95: New Taekwondo | B95: 160 | C95: Taekwondo Uniform | D95: 160cm | E95: =SUMPRODUCT((Bedaya!$B$2:$B$200="Taekwondo Uniform")*(Bedaya!$D$2:$D$200="160cm"),Bedaya!$E$2:$E$200) -> 5 | F95: 5 | G95: =IF(OR(E95="",F95=""),"",E95-F95) -> 0 | H95: =IF(E95="","Not counted",IF(F95="","Not in Mindbody",IF(E95=F95,"Match",IF(E95>F95,"Physical higher","Mindbody higher")))) -> Match
A96: New Taekwondo | B96: 170 | C96: Taekwondo Uniform | D96: 170cm | E96: =SUMPRODUCT((Bedaya!$B$2:$B$200="Taekwondo Uniform")*(Bedaya!$D$2:$D$200="170cm"),Bedaya!$E$2:$E$200) -> 3 | F96: 3 | G96: =IF(OR(E96="",F96=""),"",E96-F96) -> 0 | H96: =IF(E96="","Not counted",IF(F96="","Not in Mindbody",IF(E96=F96,"Match",IF(E96>F96,"Physical higher","Mindbody higher")))) -> Match
A97: New Taekwondo | B97: 180 | C97: Taekwondo Uniform | D97: 180cm | E97: =SUMPRODUCT((Bedaya!$B$2:$B$200="Taekwondo Uniform")*(Bedaya!$D$2:$D$200="180cm"),Bedaya!$E$2:$E$200) -> 1 | F97: 1 | G97: =IF(OR(E97="",F97=""),"",E97-F97) -> 0 | H97: =IF(E97="","Not counted",IF(F97="","Not in Mindbody",IF(E97=F97,"Match",IF(E97>F97,"Physical higher","Mindbody higher")))) -> Match
A98: New Taekwondo | B98: 190 | C98: Taekwondo Uniform | D98: 190cm | E98: =SUMPRODUCT((Bedaya!$B$2:$B$200="Taekwondo Uniform")*(Bedaya!$D$2:$D$200="190cm"),Bedaya!$E$2:$E$200) -> 1 | F98: 1 | G98: =IF(OR(E98="",F98=""),"",E98-F98) -> 0 | H98: =IF(E98="","Not counted",IF(F98="","Not in Mindbody",IF(E98=F98,"Match",IF(E98>F98,"Physical higher","Mindbody higher")))) -> Match
A99: Shin Guard | B99: Extra Small | C99: Shin Guard | D99: XS | E99: =SUMPRODUCT((Bedaya!$B$2:$B$200="Shin Guard")*(Bedaya!$D$2:$D$200="XS"),Bedaya!$E$2:$E$200) -> 0 | F99: 2 | G99: =IF(OR(E99="",F99=""),"",E99-F99) -> -2 | H99: =IF(E99="","Not counted",IF(F99="","Not in Mindbody",IF(E99=F99,"Match",IF(E99>F99,"Physical higher","Mindbody higher")))) -> Mindbody higher | I99: Physical reduced by pairs transferred to Promenade on 19 Sep; Mindbody quantity not adjusted.
A100: Shin Guard | B100: Small | C100: Shin Guard | D100: S | E100: =SUMPRODUCT((Bedaya!$B$2:$B$200="Shin Guard")*(Bedaya!$D$2:$D$200="S"),Bedaya!$E$2:$E$200) -> 0 | F100: 1 | G100: =IF(OR(E100="",F100=""),"",E100-F100) -> -1 | H100: =IF(E100="","Not counted",IF(F100="","Not in Mindbody",IF(E100=F100,"Match",IF(E100>F100,"Physical higher","Mindbody higher")))) -> Mindbody higher | I100: Physical reduced by pairs transferred to Promenade on 19 Sep; Mindbody quantity not adjusted.
A101: Shin Guard | B101: Medium | C101: Shin Guard | D101: M | E101: =SUMPRODUCT((Bedaya!$B$2:$B$200="Shin Guard")*(Bedaya!$D$2:$D$200="M"),Bedaya!$E$2:$E$200) -> -1 | F101: 1 | G101: =IF(OR(E101="",F101=""),"",E101-F101) -> -2 | H101: =IF(E101="","Not counted",IF(F101="","Not in Mindbody",IF(E101=F101,"Match",IF(E101>F101,"Physical higher","Mindbody higher")))) -> Mindbody higher | I101: Physical reduced by pairs transferred to Promenade on 19 Sep; Mindbody quantity not adjusted.
A102: Shin Guard | B102: Large | C102: Shin Guard | D102: L | E102: =SUMPRODUCT((Bedaya!$B$2:$B$200="Shin Guard")*(Bedaya!$D$2:$D$200="L"),Bedaya!$E$2:$E$200) -> 0 | F102: 2 | G102: =IF(OR(E102="",F102=""),"",E102-F102) -> -2 | H102: =IF(E102="","Not counted",IF(F102="","Not in Mindbody",IF(E102=F102,"Match",IF(E102>F102,"Physical higher","Mindbody higher")))) -> Mindbody higher | I102: Physical reduced by pairs transferred to Promenade on 19 Sep; Mindbody quantity not adjusted.
A103: Shin Guard | B103: Extra Large | C103: Shin Guard | D103: XL | E103: =SUMPRODUCT((Bedaya!$B$2:$B$200="Shin Guard")*(Bedaya!$D$2:$D$200="XL"),Bedaya!$E$2:$E$200) -> -1 | F103: 1 | G103: =IF(OR(E103="",F103=""),"",E103-F103) -> -2 | H103: =IF(E103="","Not counted",IF(F103="","Not in Mindbody",IF(E103=F103,"Match",IF(E103>F103,"Physical higher","Mindbody higher")))) -> Mindbody higher | I103: Physical reduced by pairs transferred to Promenade on 19 Sep; Mindbody quantity not adjusted.
...

Sheet Bedaya Variances
A1: Bedaya - items that do not match Mindbody (20 Sep 2026 export)
A2: Rows link to the 'Bedaya vs Mindbody' tab. Variance = physical - Mindbody. Sorted by status; sales after the count dates are not adjusted.
A4: Physical higher | C4: Mindbody higher | E4: Not in Mindbody | G4: Not counted
A5: =COUNTIF($A$8:$A$300,"Physical higher") -> 4 | C5: =COUNTIF($A$8:$A$300,"Mindbody higher") -> 11 | E5: =COUNTIF($A$8:$A$300,"Not in Mindbody") -> 23 | G5: =COUNTIF($A$8:$A$300,"Not counted") -> 24
A7: Status | B7: Mindbody product | C7: Mindbody size | D7: Counted item | E7: Counted size | F7: Physical count | G7: Mindbody qty | H7: Variance | I7: Comment
A8: =IF('Bedaya vs Mindbody'!H70="","",'Bedaya vs Mindbody'!H70) -> Physical higher | B8: =IF('Bedaya vs Mindbody'!A70="","",'Bedaya vs Mindbody'!A70) -> New Judo | C8: =IF('Bedaya vs Mindbody'!B70="","",'Bedaya vs Mindbody'!B70) -> 100 | D8: =IF('Bedaya vs Mindbody'!C70="","",'Bedaya vs Mindbody'!C70) -> Judo Uniform | E8: =IF('Bedaya vs Mindbody'!D70="","",'Bedaya vs Mindbody'!D70) -> 100cm | F8: =IF('Bedaya vs Mindbody'!E70="","",'Bedaya vs Mindbody'!E70) -> 9 | G8: =IF('Bedaya vs Mindbody'!F70="","",'Bedaya vs Mindbody'!F70) -> 8 | H8: =IF('Bedaya vs Mindbody'!G70="","",'Bedaya vs Mindbody'!G70) -> 1 | I8: =IF('Bedaya vs Mindbody'!I70="","",'Bedaya vs Mindbody'!I70) -> Judo - No Program tab (physical 9 vs 8)
A9: =IF('Bedaya vs Mindbody'!H83="","",'Bedaya vs Mindbody'!H83) -> Physical higher | B9: =IF('Bedaya vs Mindbody'!A83="","",'Bedaya vs Mindbody'!A83) -> New Karate | C9: =IF('Bedaya vs Mindbody'!B83="","",'Bedaya vs Mindbody'!B83) -> 150 | D9: =IF('Bedaya vs Mindbody'!C83="","",'Bedaya vs Mindbody'!C83) -> Karate Uniform | E9: =IF('Bedaya vs Mindbody'!D83="","",'Bedaya vs Mindbody'!D83) -> 150cm | F9: =IF('Bedaya vs Mindbody'!E83="","",'Bedaya vs Mindbody'!E83) -> 4 | G9: =IF('Bedaya vs Mindbody'!F83="","",'Bedaya vs Mindbody'!F83) -> 2 | H9: =IF('Bedaya vs Mindbody'!G83="","",'Bedaya vs Mindbody'!G83) -> 2 | I9: =IF('Bedaya vs Mindbody'!I83="","",'Bedaya vs Mindbody'!I83) -> Mindbody 150 = 2 (the '150 / 160' line is 0)
A10: =IF('Bedaya vs Mindbody'!H84="","",'Bedaya vs Mindbody'!H84) -> Physical higher | B10: =IF('Bedaya vs Mindbody'!A84="","",'Bedaya vs Mindbody'!A84) -> New Karate | C10: =IF('Bedaya vs Mindbody'!B84="","",'Bedaya vs Mindbody'!B84) -> 160 | D10: =IF('Bedaya vs Mindbody'!C84="","",'Bedaya vs Mindbody'!C84) -> Karate Uniform | E10: =IF('Bedaya vs Mindbody'!D84="","",'Bedaya vs Mindbody'!D84) -> 160cm | F10: =IF('Bedaya vs Mindbody'!E84="","",'Bedaya vs Mindbody'!E84) -> 4 | G10: =IF('Bedaya vs Mindbody'!F84="","",'Bedaya vs Mindbody'!F84) -> 3 | H10: =IF('Bedaya vs Mindbody'!G84="","",'Bedaya vs Mindbody'!G84) -> 1 | I10: =IF('Bedaya vs Mindbody'!I84="","",'Bedaya vs Mindbody'!I84)
A11: =IF('Bedaya vs Mindbody'!H108="","",'Bedaya vs Mindbody'!H108) -> Physical higher | B11: =IF('Bedaya vs Mindbody'!A108="","",'Bedaya vs Mindbody'!A108) -> Systema Shirt | C11: =IF('Bedaya vs Mindbody'!B108="","",'Bedaya vs Mindbody'!B108) -> Grey X Large | D11: =IF('Bedaya vs Mindbody'!C108="","",'Bedaya vs Mindbody'!C108) -> Systema T-shirt (Gray) | E11: =IF('Bedaya vs Mindbody'!D108="","",'Bedaya vs Mindbody'!D108) -> XL | F11: =IF('Bedaya vs Mindbody'!E108="","",'Bedaya vs Mindbody'!E108) -> 1 | G11: =IF('Bedaya vs Mindbody'!F108="","",'Bedaya vs Mindbody'!F108) -> 0 | H11: =IF('Bedaya vs Mindbody'!G108="","",'Bedaya vs Mindbody'!G108) -> 1 | I11: =IF('Bedaya vs Mindbody'!I108="","",'Bedaya vs Mindbody'!I108)
A12: =IF('Bedaya vs Mindbody'!H12="","",'Bedaya vs Mindbody'!H12) -> Mindbody higher | B12: =IF('Bedaya vs Mindbody'!A12="","",'Bedaya vs Mindbody'!A12) -> Boxing Gloves | C12: =IF('Bedaya vs Mindbody'!B12="","",'Bedaya vs Mindbody'!B12) -> 6 oz | D12: =IF('Bedaya vs Mindbody'!C12="","",'Bedaya vs Mindbody'!C12) -> Boxing Gloves | E12: =IF('Bedaya vs Mindbody'!D12="","",'Bedaya vs Mindbody'!D12) -> 6oz | F12: =IF('Bedaya vs Mindbody'!E12="","",'Bedaya vs Mindbody'!E12) -> -1 | G12: =IF('Bedaya vs Mindbody'!F12="","",'Bedaya vs Mindbody'!F12) -> 1 | H12: =IF('Bedaya vs Mindbody'!G12="","",'Bedaya vs Mindbody'!G12) -> -2 | I12: =IF('Bedaya vs Mindbody'!I12="","",'Bedaya vs Mindbody'!I12) -> Physical reduced by pairs transferred to Promenade on 19 Sep; Mindbody quantity not adjusted.
A13: =IF('Bedaya vs Mindbody'!H13="","",'Bedaya vs Mindbody'!H13) -> Mindbody higher | B13: =IF('Bedaya vs Mindbody'!A13="","",'Bedaya vs Mindbody'!A13) -> Boxing Gloves | C13: =IF('Bedaya vs Mindbody'!B13="","",'Bedaya vs Mindbody'!B13) -> 8 oz | D13: =IF('Bedaya vs Mindbody'!C13="","",'Bedaya vs Mindbody'!C13) -> Boxing Gloves | E13: =IF('Bedaya vs Mindbody'!D13="","",'Bedaya vs Mindbody'!D13) -> 8oz | F13: =IF('Bedaya vs Mindbody'!E13="","",'Bedaya vs Mindbody'!E13) -> 1 | G13: =IF('Bedaya vs Mindbody'!F13="","",'Bedaya vs Mindbody'!F13) -> 3 | H13: =IF('Bedaya vs Mindbody'!G13="","",'Bedaya vs Mindbody'!G13) -> -2 | I13: =IF('Bedaya vs Mindbody'!I13="","",'Bedaya vs Mindbody'!I13) -> Physical reduced by pairs transferred to Promenade on 19 Sep; Mindbody quantity not adjusted.
A14: =IF('Bedaya vs Mindbody'!H14="","",'Bedaya vs Mindbody'!H14) -> Mindbody higher | B14: =IF('Bedaya vs Mindbody'!A14="","",'Bedaya vs Mindbody'!A14) -> Boxing Gloves | C14: =IF('Bedaya vs Mindbody'!B14="","",'Bedaya vs Mindbody'!B14) -> 10 oz | D14: =IF('Bedaya vs Mindbody'!C14="","",'Bedaya vs Mindbody'!C14) -> Boxing Gloves | E14: =IF('Bedaya vs Mindbody'!D14="","",'Bedaya vs Mindbody'!D14) -> 10oz | F14: =IF('Bedaya vs Mindbody'!E14="","",'Bedaya vs Mindbody'!E14) -> 0 | G14: =IF('Bedaya vs Mindbody'!F14="","",'Bedaya vs Mindbody'!F14) -> 2 | H14: =IF('Bedaya vs Mindbody'!G14="","",'Bedaya vs Mindbody'!G14) -> -2 | I14: =IF('Bedaya vs Mindbody'!I14="","",'Bedaya vs Mindbody'!I14) -> Physical reduced by pairs transferred to Promenade on 19 Sep; Mindbody quantity not adjusted.
A15: =IF('Bedaya vs Mindbody'!H15="","",'Bedaya vs Mindbody'!H15) -> Mindbody higher | B15: =IF('Bedaya vs Mindbody'!A15="","",'Bedaya vs Mindbody'!A15) -> Boxing Gloves | C15: =IF('Bedaya vs Mindbody'!B15="","",'Bedaya vs Mindbody'!B15) -> 12 oz | D15: =IF('Bedaya vs Mindbody'!C15="","",'Bedaya vs Mindbody'!C15) -> Boxing Gloves | E15: =IF('Bedaya vs Mindbody'!D15="","",'Bedaya vs Mindbody'!D15) -> 12oz | F15: =IF('Bedaya vs Mindbody'!E15="","",'Bedaya vs Mindbody'!E15) -> 0 | G15: =IF('Bedaya vs Mindbody'!F15="","",'Bedaya vs Mindbody'!F15) -> 11 | H15: =IF('Bedaya vs Mindbody'!G15="","",'Bedaya vs Mindbody'!G15) -> -11 | I15: =IF('Bedaya vs Mindbody'!I15="","",'Bedaya vs Mindbody'!I15) -> Physical reduced by pairs transferred to Promenade on 19 Sep; Mindbody quantity not adjusted. Mindbody shows 11 vs 1 counted - recount / check for typo or unadjusted transfer
A16: =IF('Bedaya vs Mindbody'!H39="","",'Bedaya vs Mindbody'!H39) -> Mindbody higher | B16: =IF('Bedaya vs Mindbody'!A39="","",'Bedaya vs Mindbody'!A39) -> Kajukenbo Patch | C16: =IF('Bedaya vs Mindbody'!B39="","",'Bedaya vs Mindbody'!B39) -> (one line for both patches) | D16: =IF('Bedaya vs Mindbody'!C39="","",'Bedaya vs Mindbody'!C39) -> Kajukimbo Patch - Circle (Front) + Kajukimbo Patch - Shoulder | E16: =IF('Bedaya vs Mindbody'!D39="","",'Bedaya vs Mindbody'!D39) -> - + - | F16: =IF('Bedaya vs Mindbody'!E39="","",'Bedaya vs Mindbody'!E39) -> 51 | G16: =IF('Bedaya vs Mindbody'!F39="","",'Bedaya vs Mindbody'!F39) -> 62 | H16: =IF('Bedaya vs Mindbody'!G39="","",'Bedaya vs Mindbody'!G39) -> -11 | I16: =IF('Bedaya vs Mindbody'!I39="","",'Bedaya vs Mindbody'!I39) -> Circle 25 + Shoulder 26 compared with the single Mindbody line (Promenade patches excluded)
A17: =IF('Bedaya vs Mindbody'!H94="","",'Bedaya vs Mindbody'!H94) -> Mindbody higher | B17: =IF('Bedaya vs Mindbody'!A94="","",'Bedaya vs Mindbody'!A94) -> New Taekwondo | C17: =IF('Bedaya vs Mindbody'!B94="","",'Bedaya vs Mindbody'!B94) -> 150 | D17: =IF('Bedaya vs Mindbody'!C94="","",'Bedaya vs Mindbody'!C94) -> Taekwondo Uniform | E17: =IF('Bedaya vs Mindbody'!D94="","",'Bedaya vs Mindbody'!D94) -> 150cm | F17: =IF('Bedaya vs Mindbody'!E94="","",'Bedaya vs Mindbody'!E94) -> 3 | G17: =IF('Bedaya vs Mindbody'!F94="","",'Bedaya vs Mindbody'!F94) -> 5 | H17: =IF('Bedaya vs Mindbody'!G94="","",'Bedaya vs Mindbody'!G94) -> -2 | I17: =IF('Bedaya vs Mindbody'!I94="","",'Bedaya vs Mindbody'!I94)
A18: =IF('Bedaya vs Mindbody'!H99="","",'Bedaya vs Mindbody'!H99) -> Mindbody higher | B18: =IF('Bedaya vs Mindbody'!A99="","",'Bedaya vs Mindbody'!A99) -> Shin Guard | C18: =IF('Bedaya vs Mindbody'!B99="","",'Bedaya vs Mindbody'!B99) -> Extra Small | D18: =IF('Bedaya vs Mindbody'!C99="","",'Bedaya vs Mindbody'!C99) -> Shin Guard | E18: =IF('Bedaya vs Mindbody'!D99="","",'Bedaya vs Mindbody'!D99) -> XS | F18: =IF('Bedaya vs Mindbody'!E99="","",'Bedaya vs Mindbody'!E99) -> 0 | G18: =IF('Bedaya vs Mindbody'!F99="","",'Bedaya vs Mindbody'!F99) -> 2 | H18: =IF('Bedaya vs Mindbody'!G99="","",'Bedaya vs Mindbody'!G99) -> -2 | I18: =IF('Bedaya vs Mindbody'!I99="","",'Bedaya vs Mindbody'!I99) -> Physical reduced by pairs transferred to Promenade on 19 Sep; Mindbody quantity not adjusted.
A19: =IF('Bedaya vs Mindbody'!H100="","",'Bedaya vs Mindbody'!H100) -> Mindbody higher | B19: =IF('Bedaya vs Mindbody'!A100="","",'Bedaya vs Mindbody'!A100) -> Shin Guard | C19: =IF('Bedaya vs Mindbody'!B100="","",'Bedaya vs Mindbody'!B100) -> Small | D19: =IF('Bedaya vs Mindbody'!C100="","",'Bedaya vs Mindbody'!C100) -> Shin Guard | E19: =IF('Bedaya vs Mindbody'!D100="","",'Bedaya vs Mindbody'!D100) -> S | F19: =IF('Bedaya vs Mindbody'!E100="","",'Bedaya vs Mindbody'!E100) -> 0 | G19: =IF('Bedaya vs Mindbody'!F100="","",'Bedaya vs Mindbody'!F100) -> 1 | H19: =IF('Bedaya vs Mindbody'!G100="","",'Bedaya vs Mindbody'!G100) -> -1 | I19: =IF('Bedaya vs Mindbody'!I100="","",'Bedaya vs Mindbody'!I100) -> Physical reduced by pairs transferred to Promenade on 19 Sep; Mindbody quantity not adjusted.
A20: =IF('Bedaya vs Mindbody'!H101="","",'Bedaya vs Mindbody'!H101) -> Mindbody higher | B20: =IF('Bedaya vs Mindbody'!A101="","",'Bedaya vs Mindbody'!A101) -> Shin Guard | C20: =IF('Bedaya vs Mindbody'!B101="","",'Bedaya vs Mindbody'!B101) -> Medium | D20: =IF('Bedaya vs Mindbody'!C101="","",'Bedaya vs Mindbody'!C101) -> Shin Guard | E20: =IF('Bedaya vs Mindbody'!D101="","",'Bedaya vs Mindbody'!D101) -> M | F20: =IF('Bedaya vs Mindbody'!E101="","",'Bedaya vs Mindbody'!E101) -> -1 | G20: =IF('Bedaya vs Mindbody'!F101="","",'Bedaya vs Mindbody'!F101) -> 1 | H20: =IF('Bedaya vs Mindbody'!G101="","",'Bedaya vs Mindbody'!G101) -> -2 | I20: =IF('Bedaya vs Mindbody'!I101="","",'Bedaya vs Mindbody'!I101) -> Physical reduced by pairs transferred to Promenade on 19 Sep; Mindbody quantity not adjusted.
A21: =IF('Bedaya vs Mindbody'!H102="","",'Bedaya vs Mindbody'!H102) -> Mindbody higher | B21: =IF('Bedaya vs Mindbody'!A102="","",'Bedaya vs Mindbody'!A102) -> Shin Guard | C21: =IF('Bedaya vs Mindbody'!B102="","",'Bedaya vs Mindbody'!B102) -> Large | D21: =IF('Bedaya vs Mindbody'!C102="","",'Bedaya vs Mindbody'!C102) -> Shin Guard | E21: =IF('Bedaya vs Mindbody'!D102="","",'Bedaya vs Mindbody'!D102) -> L | F21: =IF('Bedaya vs Mindbody'!E102="","",'Bedaya vs Mindbody'!E102) -> 0 | G21: =IF('Bedaya vs Mindbody'!F102="","",'Bedaya vs Mindbody'!F102) -> 2 | H21: =IF('Bedaya vs Mindbody'!G102="","",'Bedaya vs Mindbody'!G102) -> -2 | I21: =IF('Bedaya vs Mindbody'!I102="","",'Bedaya vs Mindbody'!I102) -> Physical reduced by pairs transferred to Promenade on 19 Sep; Mindbody quantity not adjusted.
A22: =IF('Bedaya vs Mindbody'!H103="","",'Bedaya vs Mindbody'!H103) -> Mindbody higher | B22: =IF('Bedaya vs Mindbody'!A103="","",'Bedaya vs Mindbody'!A103) -> Shin Guard | C22: =IF('Bedaya vs Mindbody'!B103="","",'Bedaya vs Mindbody'!B103) -> Extra Large | D22: =IF('Bedaya vs Mindbody'!C103="","",'Bedaya vs Mindbody'!C103) -> Shin Guard | E22: =IF('Bedaya vs Mindbody'!D103="","",'Bedaya vs Mindbody'!D103) -> XL | F22: =IF('Bedaya vs Mindbody'!E103="","",'Bedaya vs Mindbody'!E103) -> -1 | G22: =IF('Bedaya vs Mindbody'!F103="","",'Bedaya vs Mindbody'!F103) -> 1 | H22: =IF('Bedaya vs Mindbody'!G103="","",'Bedaya vs Mindbody'!G103) -> -2 | I22: =IF('Bedaya vs Mindbody'!I103="","",'Bedaya vs Mindbody'!I103) -> Physical reduced by pairs transferred to Promenade on 19 Sep; Mindbody quantity not adjusted.
A23: =IF('Bedaya vs Mindbody'!H37="","",'Bedaya vs Mindbody'!H37) -> Not in Mindbody | B23: =IF('Bedaya vs Mindbody'!A37="","",'Bedaya vs Mindbody'!A37) -> Instructor Shirt | C23: =IF('Bedaya vs Mindbody'!B37="","",'Bedaya vs Mindbody'!B37) -> (no XL / L line) | D23: =IF('Bedaya vs Mindbody'!C37="","",'Bedaya vs Mindbody'!C37) -> Instructor T-shirt (Elite Logo) | E23: =IF('Bedaya vs Mindbody'!D37="","",'Bedaya vs Mindbody'!D37) -> XL | F23: =IF('Bedaya vs Mindbody'!E37="","",'Bedaya vs Mindbody'!E37) -> 3 | G23: =IF('Bedaya vs Mindbody'!F37="","",'Bedaya vs Mindbody'!F37) | H23: =IF('Bedaya vs Mindbody'!G37="","",'Bedaya vs Mindbody'!G37) | I23: =IF('Bedaya vs Mindbody'!I37="","",'Bedaya vs Mindbody'!I37) -> Mindbody only has Grey S and XXL (both 0)
A24: =IF('Bedaya vs Mindbody'!H38="","",'Bedaya vs Mindbody'!H38) -> Not in Mindbody | B24: =IF('Bedaya vs Mindbody'!A38="","",'Bedaya vs Mindbody'!A38) -> Instructor Shirt | C24: =IF('Bedaya vs Mindbody'!B38="","",'Bedaya vs Mindbody'!B38) -> (no XL / L line) | D24: =IF('Bedaya vs Mindbody'!C38="","",'Bedaya vs Mindbody'!C38) -> Instructor T-shirt (Elite Logo) | E24: =IF('Bedaya vs Mindbody'!D38="","",'Bedaya vs Mindbody'!D38) -> L | F24: =IF('Bedaya vs Mindbody'!E38="","",'Bedaya vs Mindbody'!E38) -> 1 | G24: =IF('Bedaya vs Mindbody'!F38="","",'Bedaya vs Mindbody'!F38) | H24: =IF('Bedaya vs Mindbody'!G38="","",'Bedaya vs Mindbody'!G38) | I24: =IF('Bedaya vs Mindbody'!I38="","",'Bedaya vs Mindbody'!I38) -> Mindbody only has Grey S and XXL (both 0)
A25: =IF('Bedaya vs Mindbody'!H49="","",'Bedaya vs Mindbody'!H49) -> Not in Mindbody | B25: =IF('Bedaya vs Mindbody'!A49="","",'Bedaya vs Mindbody'!A49) -> Kajukenbo Uniform w/ Patches | C25: =IF('Bedaya vs Mindbody'!B49="","",'Bedaya vs Mindbody'!B49) -> (no 190 line) | D25: =IF('Bedaya vs Mindbody'!C49="","",'Bedaya vs Mindbody'!C49) -> Kajukimbo Uniform | E25: =IF('Bedaya vs Mindbody'!D49="","",'Bedaya vs Mindbody'!D49) -> 190cm | F25: =IF('Bedaya vs Mindbody'!E49="","",'Bedaya vs Mindbody'!E49) -> 2 | G25: =IF('Bedaya vs Mindbody'!F49="","",'Bedaya vs Mindbody'!F49) | H25: =IF('Bedaya vs Mindbody'!G49="","",'Bedaya vs Mindbody'!G49) | I25: =IF('Bedaya vs Mindbody'!I49="","",'Bedaya vs Mindbody'!I49) -> Mindbody only has size 210 (0)
A26: =IF('Bedaya vs Mindbody'!H50="","",'Bedaya vs Mindbody'!H50) -> Not in Mindbody | B26: =IF('Bedaya vs Mindbody'!A50="","",'Bedaya vs Mindbody'!A50) -> Kajukenbo Uniform w/ Patches | C26: =IF('Bedaya vs Mindbody'!B50="","",'Bedaya vs Mindbody'!B50) -> (no 200 line) | D26: =IF('Bedaya vs Mindbody'!C50="","",'Bedaya vs Mindbody'!C50) -> Kajukimbo Uniform | E26: =IF('Bedaya vs Mindbody'!D50="","",'Bedaya vs Mindbody'!D50) -> 200cm | F26: =IF('Bedaya vs Mindbody'!E50="","",'Bedaya vs Mindbody'!E50) -> 2 | G26: =IF('Bedaya vs Mindbody'!F50="","",'Bedaya vs Mindbody'!F50) | H26: =IF('Bedaya vs Mindbody'!G50="","",'Bedaya vs Mindbody'!G50) | I26: =IF('Bedaya vs Mindbody'!I50="","",'Bedaya vs Mindbody'!I50) -> Mindbody only has size 210 (0)
A27: =IF('Bedaya vs Mindbody'!H69="","",'Bedaya vs Mindbody'!H69) -> Not in Mindbody | B27: =IF('Bedaya vs Mindbody'!A69="","",'Bedaya vs Mindbody'!A69) -> Mouth Guard | C27: =IF('Bedaya vs Mindbody'!B69="","",'Bedaya vs Mindbody'!B69) -> (no Junior line) | D27: =IF('Bedaya vs Mindbody'!C69="","",'Bedaya vs Mindbody'!C69) -> Mouth Guard | E27: =IF('Bedaya vs Mindbody'!D69="","",'Bedaya vs Mindbody'!D69) -> Junior | F27: =IF('Bedaya vs Mindbody'!E69="","",'Bedaya vs Mindbody'!E69) -> 12 | G27: =IF('Bedaya vs Mindbody'!F69="","",'Bedaya vs Mindbody'!F69) | H27: =IF('Bedaya vs Mindbody'!G69="","",'Bedaya vs Mindbody'!G69) | I27: =IF('Bedaya vs Mindbody'!I69="","",'Bedaya vs Mindbody'!I69) -> No Junior mouth guard in Mindbody
A28: =IF('Bedaya vs Mindbody'!H88="","",'Bedaya vs Mindbody'!H88) -> Not in Mindbody | B28: =IF('Bedaya vs Mindbody'!A88="","",'Bedaya vs Mindbody'!A88) -> New Karate | C28: =IF('Bedaya vs Mindbody'!B88="","",'Bedaya vs Mindbody'!B88) -> (no 190 line) | D28: =IF('Bedaya vs Mindbody'!C88="","",'Bedaya vs Mindbody'!C88) -> Karate Uniform | E28: =IF('Bedaya vs Mindbody'!D88="","",'Bedaya vs Mindbody'!D88) -> 190cm | F28: =IF('Bedaya vs Mindbody'!E88="","",'Bedaya vs Mindbody'!E88) -> 2 | G28: =IF('Bedaya vs Mindbody'!F88="","",'Bedaya vs Mindbody'!F88) | H28: =IF('Bedaya vs Mindbody'!G88="","",'Bedaya vs Mindbody'!G88) | I28: =IF('Bedaya vs Mindbody'!I88="","",'Bedaya vs Mindbody'!I88) -> No 190 size in Mindbody
A29: =IF('Bedaya vs Mindbody'!H105="","",'Bedaya vs Mindbody'!H105) -> Not in Mindbody | B29: =IF('Bedaya vs Mindbody'!A105="","",'Bedaya vs Mindbody'!A105) -> Supporter | C29: =IF('Bedaya vs Mindbody'!B105="","",'Bedaya vs Mindbody'!B105) -> (not in Mindbody) | D29: =IF('Bedaya vs Mindbody'!C105="","",'Bedaya vs Mindbody'!C105) -> Supporter | E29: =IF('Bedaya vs Mindbody'!D105="","",'Bedaya vs Mindbody'!D105) -> M | F29: =IF('Bedaya vs Mindbody'!E105="","",'Bedaya vs Mindbody'!E105) -> 7 | G29: =IF('Bedaya vs Mindbody'!F105="","",'Bedaya vs Mindbody'!F105) | H29: =IF('Bedaya vs Mindbody'!G105="","",'Bedaya vs Mindbody'!G105) | I29: =IF('Bedaya vs Mindbody'!I105="","",'Bedaya vs Mindbody'!I105) -> No supporter / groin guard product in Mindbody
A30: =IF('Bedaya vs Mindbody'!H106="","",'Bedaya vs Mindbody'!H106) -> Not in Mindbody | B30: =IF('Bedaya vs Mindbody'!A106="","",'Bedaya vs Mindbody'!A106) -> Supporter | C30: =IF('Bedaya vs Mindbody'!B106="","",'Bedaya vs Mindbody'!B106) -> (not in Mindbody) | D30: =IF('Bedaya vs Mindbody'!C106="","",'Bedaya vs Mindbody'!C106) -> Supporter | E30: =IF('Bedaya vs Mindbody'!D106="","",'Bedaya vs Mindbody'!D106) -> S | F30: =IF('Bedaya vs Mindbody'!E106="","",'Bedaya vs Mindbody'!E106) -> 9 | G30: =IF('Bedaya vs Mindbody'!F106="","",'Bedaya vs Mindbody'!F106) | H30: =IF('Bedaya vs Mindbody'!G106="","",'Bedaya vs Mindbody'!G106) | I30: =IF('Bedaya vs Mindbody'!I106="","",'Bedaya vs Mindbody'!I106) -> No supporter / groin guard product in Mindbody
A31: =IF('Bedaya vs Mindbody'!H109="","",'Bedaya vs Mindbody'!H109) -> Not in Mindbody | B31: =IF('Bedaya vs Mindbody'!A109="","",'Bedaya vs Mindbody'!A109) -> Systema Shirt | C31: =IF('Bedaya vs Mindbody'!B109="","",'Bedaya vs Mindbody'!B109) -> (no Grey M line) | D31: =IF('Bedaya vs Mindbody'!C109="","",'Bedaya vs Mindbody'!C109) -> Systema T-shirt (Gray) | E31: =IF('Bedaya vs Mindbody'!D109="","",'Bedaya vs Mindbody'!D109) -> M | F31: =IF('Bedaya vs Mindbody'!E109="","",'Bedaya vs Mindbody'!E109) -> 1 | G31: =IF('Bedaya vs Mindbody'!F109="","",'Bedaya vs Mindbody'!F109) | H31: =IF('Bedaya vs Mindbody'!G109="","",'Bedaya vs Mindbody'!G109) | I31: =IF('Bedaya vs Mindbody'!I109="","",'Bedaya vs Mindbody'!I109) -> Mindbody only has Grey XL and XXX Large
A32: =IF('Bedaya vs Mindbody'!H110="","",'Bedaya vs Mindbody'!H110) -> Not in Mindbody | B32: =IF('Bedaya vs Mindbody'!A110="","",'Bedaya vs Mindbody'!A110) -> Systema Shirt | C32: =IF('Bedaya vs Mindbody'!B110="","",'Bedaya vs Mindbody'!B110) -> (no Grey S line) | D32: =IF('Bedaya vs Mindbody'!C110="","",'Bedaya vs Mindbody'!C110) -> Systema T-shirt (Gray) | E32: =IF('Bedaya vs Mindbody'!D110="","",'Bedaya vs Mindbody'!D110) -> S | F32: =IF('Bedaya vs Mindbody'!E110="","",'Bedaya vs Mindbody'!E110) -> 1 | G32: =IF('Bedaya vs Mindbody'!F110="","",'Bedaya vs Mindbody'!F110) | H32: =IF('Bedaya vs Mindbody'!G110="","",'Bedaya vs Mindbody'!G110) | I32: =IF('Bedaya vs Mindbody'!I110="","",'Bedaya vs Mindbody'!I110) -> Mindbody only has Grey XL and XXX Large
A33: =IF('Bedaya vs Mindbody'!H115="","",'Bedaya vs Mindbody'!H115) -> Not in Mindbody | B33: =IF('Bedaya vs Mindbody'!A115="","",'Bedaya vs Mindbody'!A115) -> (no Mindbody product) | C33: =IF('Bedaya vs Mindbody'!B115="","",'Bedaya vs Mindbody'!B115) -> Karate Uniform - 120cm | D33: =IF('Bedaya vs Mindbody'!C115="","",'Bedaya vs Mindbody'!C115) -> Karate Uniform (No Logo) | E33: =IF('Bedaya vs Mindbody'!D115="","",'Bedaya vs Mindbody'!D115) -> 120cm | F33: =IF('Bedaya vs Mindbody'!E115="","",'Bedaya vs Mindbody'!E115) -> 48 | G33: =IF('Bedaya vs Mindbody'!F115="","",'Bedaya vs Mindbody'!F115) | H33: =IF('Bedaya vs Mindbody'!G115="","",'Bedaya vs Mindbody'!G115) | I33: =IF('Bedaya vs Mindbody'!I115="","",'Bedaya vs Mindbody'!I115) -> Old / no-logo / no-program stock - not listed in Mindbody
A34: =IF('Bedaya vs Mindbody'!H116="","",'Bedaya vs Mindbody'!H116) -> Not in Mindbody | B34: =IF('Bedaya vs Mindbody'!A116="","",'Bedaya vs Mindbody'!A116) -> (no Mindbody product) | C34: =IF('Bedaya vs Mindbody'!B116="","",'Bedaya vs Mindbody'!B116) -> Karate Uniform - 110cm | D34: =IF('Bedaya vs Mindbody'!C116="","",'Bedaya vs Mindbody'!C116) -> Karate Uniform (No Logo) | E34: =IF('Bedaya vs Mindbody'!D116="","",'Bedaya vs Mindbody'!D116) -> 110cm | F34: =IF('Bedaya vs Mindbody'!E116="","",'Bedaya vs Mindbody'!E116) -> 95 | G34: =IF('Bedaya vs Mindbody'!F116="","",'Bedaya vs Mindbody'!F116) | H34: =IF('Bedaya vs Mindbody'!G116="","",'Bedaya vs Mindbody'!G116) | I34: =IF('Bedaya vs Mindbody'!I116="","",'Bedaya vs Mindbody'!I116) -> Old / no-logo / no-program stock - not listed in Mindbody
A35: =IF('Bedaya vs Mindbody'!H117="","",'Bedaya vs Mindbody'!H117) -> Not in Mindbody | B35: =IF('Bedaya vs Mindbody'!A117="","",'Bedaya vs Mindbody'!A117) -> (no Mindbody product) | C35: =IF('Bedaya vs Mindbody'!B117="","",'Bedaya vs Mindbody'!B117) -> Karate Uniform - 100cm | D35: =IF('Bedaya vs Mindbody'!C117="","",'Bedaya vs Mindbody'!C117) -> Karate Uniform (No Logo) | E35: =IF('Bedaya vs Mindbody'!D117="","",'Bedaya vs Mindbody'!D117) -> 100cm | F35: =IF('Bedaya vs Mindbody'!E117="","",'Bedaya vs Mindbody'!E117) -> 40 | G35: =IF('Bedaya vs Mindbody'!F117="","",'Bedaya vs Mindbody'!F117) | H35: =IF('Bedaya vs Mindbody'!G117="","",'Bedaya vs Mindbody'!G117) | I35: =IF('Bedaya vs Mindbody'!I117="","",'Bedaya vs Mindbody'!I117) -> Old / no-logo / no-program stock - not listed in Mindbody
A36: =IF('Bedaya vs Mindbody'!H118="","",'Bedaya vs Mindbody'!H118) -> Not in Mindbody | B36: =IF('Bedaya vs Mindbody'!A118="","",'Bedaya vs Mindbody'!A118) -> (no Mindbody product) | C36: =IF('Bedaya vs Mindbody'!B118="","",'Bedaya vs Mindbody'!B118) -> Taekwondo Uniform - 110cm | D36: =IF('Bedaya vs Mindbody'!C118="","",'Bedaya vs Mindbody'!C118) -> Taekwondo Uniform (Old) | E36: =IF('Bedaya vs Mindbody'!D118="","",'Bedaya vs Mindbody'!D118) -> 110cm | F36: =IF('Bedaya vs Mindbody'!E118="","",'Bedaya vs Mindbody'!E118) -> 10 | G36: =IF('Bedaya vs Mindbody'!F118="","",'Bedaya vs Mindbody'!F118) | H36: =IF('Bedaya vs Mindbody'!G118="","",'Bedaya vs Mindbody'!G118) | I36: =IF('Bedaya vs Mindbody'!I118="","",'Bedaya vs Mindbody'!I118) -> Old / no-logo / no-program stock - not listed in Mindbody
A37: =IF('Bedaya vs Mindbody'!H119="","",'Bedaya vs Mindbody'!H119) -> Not in Mindbody | B37: =IF('Bedaya vs Mindbody'!A119="","",'Bedaya vs Mindbody'!A119) -> (no Mindbody product) | C37: =IF('Bedaya vs Mindbody'!B119="","",'Bedaya vs Mindbody'!B119) -> Taekwondo Uniform - 100cm | D37: =IF('Bedaya vs Mindbody'!C119="","",'Bedaya vs Mindbody'!C119) -> Taekwondo Uniform (Old) | E37: =IF('Bedaya vs Mindbody'!D119="","",'Bedaya vs Mindbody'!D119) -> 100cm | F37: =IF('Bedaya vs Mindbody'!E119="","",'Bedaya vs Mindbody'!E119) -> 13 | G37: =IF('Bedaya vs Mindbody'!F119="","",'Bedaya vs Mindbody'!F119) | H37: =IF('Bedaya vs Mindbody'!G119="","",'Bedaya vs Mindbody'!G119) | I37: =IF('Bedaya vs Mindbody'!I119="","",'Bedaya vs Mindbody'!I119) -> Old / no-logo / no-program stock - not listed in Mindbody
A38: =IF('Bedaya vs Mindbody'!H120="","",'Bedaya vs Mindbody'!H120) -> Not in Mindbody | B38: =IF('Bedaya vs Mindbody'!A120="","",'Bedaya vs Mindbody'!A120) -> (no Mindbody product) | C38: =IF('Bedaya vs Mindbody'!B120="","",'Bedaya vs Mindbody'!B120) -> Taekwondo Uniform - 130cm (upper only) | D38: =IF('Bedaya vs Mindbody'!C120="","",'Bedaya vs Mindbody'!C120) -> Taekwondo Uniform (Old) | E38: =IF('Bedaya vs Mindbody'!D120="","",'Bedaya vs Mindbody'!D120) -> 130cm (upper only) | F38: =IF('Bedaya vs Mindbody'!E120="","",'Bedaya vs Mindbody'!E120) -> 1 | G38: =IF('Bedaya vs Mindbody'!F120="","",'Bedaya vs Mindbody'!F120) | H38: =IF('Bedaya vs Mindbody'!G120="","",'Bedaya vs Mindbody'!G120) | I38: =IF('Bedaya vs Mindbody'!I120="","",'Bedaya vs Mindbody'!I120) -> Old / no-logo / no-program stock - not listed in Mindbody
A39: =IF('Bedaya vs Mindbody'!H121="","",'Bedaya vs Mindbody'!H121) -> Not in Mindbody | B39: =IF('Bedaya vs Mindbody'!A121="","",'Bedaya vs Mindbody'!A121) -> (no Mindbody product) | C39: =IF('Bedaya vs Mindbody'!B121="","",'Bedaya vs Mindbody'!B121) -> Judo Uniform - 140cm | D39: =IF('Bedaya vs Mindbody'!C121="","",'Bedaya vs Mindbody'!C121) -> Judo Uniform (With Logo) | E39: =IF('Bedaya vs Mindbody'!D121="","",'Bedaya vs Mindbody'!D121) -> 140cm | F39: =IF('Bedaya vs Mindbody'!E121="","",'Bedaya vs Mindbody'!E121) -> 12 | G39: =IF('Bedaya vs Mindbody'!F121="","",'Bedaya vs Mindbody'!F121) | H39: =IF('Bedaya vs Mindbody'!G121="","",'Bedaya vs Mindbody'!G121) | I39: =IF('Bedaya vs Mindbody'!I121="","",'Bedaya vs Mindbody'!I121) -> Old / no-logo / no-program stock - not listed in Mindbody
A40: =IF('Bedaya vs Mindbody'!H122="","",'Bedaya vs Mindbody'!H122) -> Not in Mindbody | B40: =IF('Bedaya vs Mindbody'!A122="","",'Bedaya vs Mindbody'!A122) -> (no Mindbody product) | C40: =IF('Bedaya vs Mindbody'!B122="","",'Bedaya vs Mindbody'!B122) -> Judo Uniform - 130cm | D40: =IF('Bedaya vs Mindbody'!C122="","",'Bedaya vs Mindbody'!C122) -> Judo Uniform (With Logo) | E40: =IF('Bedaya vs Mindbody'!D122="","",'Bedaya vs Mindbody'!D122) -> 130cm | F40: =IF('Bedaya vs Mindbody'!E122="","",'Bedaya vs Mindbody'!E122) -> 9 | G40: =IF('Bedaya vs Mindbody'!F122="","",'Bedaya vs Mindbody'!F122) | H40: =IF('Bedaya vs Mindbody'!G122="","",'Bedaya vs Mindbody'!G122) | I40: =IF('Bedaya vs Mindbody'!I122="","",'Bedaya vs Mindbody'!I122) -> Old / no-logo / no-program stock - not listed in Mindbody
A41: =IF('Bedaya vs Mindbody'!H123="","",'Bedaya vs Mindbody'!H123) -> Not in Mindbody | B41: =IF('Bedaya vs Mindbody'!A123="","",'Bedaya vs Mindbody'!A123) -> (no Mindbody product) | C41: =IF('Bedaya vs Mindbody'!B123="","",'Bedaya vs Mindbody'!B123) -> Judo Uniform - 110cm (upper only) | D41: =IF('Bedaya vs Mindbody'!C123="","",'Bedaya vs Mindbody'!C123) -> Judo Uniform (With Logo) | E41: =IF('Bedaya vs Mindbody'!D123="","",'Bedaya vs Mindbody'!D123) -> 110cm (upper only) | F41: =IF('Bedaya vs Mindbody'!E123="","",'Bedaya vs Mindbody'!E123) -> 1 | G41: =IF('Bedaya vs Mindbody'!F123="","",'Bedaya vs Mindbody'!F123) | H41: =IF('Bedaya vs Mindbody'!G123="","",'Bedaya vs Mindbody'!G123) | I41: =IF('Bedaya vs Mindbody'!I123="","",'Bedaya vs Mindbody'!I123) -> Old / no-logo / no-program stock - not listed in Mindbody
A42: =IF('Bedaya vs Mindbody'!H124="","",'Bedaya vs Mindbody'!H124) -> Not in Mindbody | B42: =IF('Bedaya vs Mindbody'!A124="","",'Bedaya vs Mindbody'!A124) -> (no Mindbody product) | C42: =IF('Bedaya vs Mindbody'!B124="","",'Bedaya vs Mindbody'!B124) -> Judo Uniform - 100cm (upper only) | D42: =IF('Bedaya vs Mindbody'!C124="","",'Bedaya vs Mindbody'!C124) -> Judo Uniform (With Logo) | E42: =IF('Bedaya vs Mindbody'!D124="","",'Bedaya vs Mindbody'!D124) -> 100cm (upper only) | F42: =IF('Bedaya vs Mindbody'!E124="","",'Bedaya vs Mindbody'!E124) -> 1 | G42: =IF('Bedaya vs Mindbody'!F124="","",'Bedaya vs Mindbody'!F124) | H42: =IF('Bedaya vs Mindbody'!G124="","",'Bedaya vs Mindbody'!G124) | I42: =IF('Bedaya vs Mindbody'!I124="","",'Bedaya vs Mindbody'!I124) -> Old / no-logo / no-program stock - not listed in Mindbody
A43: =IF('Bedaya vs Mindbody'!H126="","",'Bedaya vs Mindbody'!H126) -> Not in Mindbody | B43: =IF('Bedaya vs Mindbody'!A126="","",'Bedaya vs Mindbody'!A126) -> (no Mindbody product) | C43: =IF('Bedaya vs Mindbody'!B126="","",'Bedaya vs Mindbody'!B126) -> Judo Uniform - 130cm | D43: =IF('Bedaya vs Mindbody'!C126="","",'Bedaya vs Mindbody'!C126) -> Judo Uniform (No Logo) | E43: =IF('Bedaya vs Mindbody'!D126="","",'Bedaya vs Mindbody'!D126) -> 130cm | F43: =IF('Bedaya vs Mindbody'!E126="","",'Bedaya vs Mindbody'!E126) -> 7 | G43: =IF('Bedaya vs Mindbody'!F126="","",'Bedaya vs Mindbody'!F126) | H43: =IF('Bedaya vs Mindbody'!G126="","",'Bedaya vs Mindbody'!G126) | I43: =IF('Bedaya vs Mindbody'!I126="","",'Bedaya vs Mindbody'!I126) -> Old / no-logo / no-program stock - not listed in Mindbody
A44: =IF('Bedaya vs Mindbody'!H127="","",'Bedaya vs Mindbody'!H127) -> Not in Mindbody | B44: =IF('Bedaya vs Mindbody'!A127="","",'Bedaya vs Mindbody'!A127) -> (no Mindbody product) | C44: =IF('Bedaya vs Mindbody'!B127="","",'Bedaya vs Mindbody'!B127) -> Judo Uniform - 120cm | D44: =IF('Bedaya vs Mindbody'!C127="","",'Bedaya vs Mindbody'!C127) -> Judo Uniform (No Logo) | E44: =IF('Bedaya vs Mindbody'!D127="","",'Bedaya vs Mindbody'!D127) -> 120cm | F44: =IF('Bedaya vs Mindbody'!E127="","",'Bedaya vs Mindbody'!E127) -> 29 | G44: =IF('Bedaya vs Mindbody'!F127="","",'Bedaya vs Mindbody'!F127) | H44: =IF('Bedaya vs Mindbody'!G127="","",'Bedaya vs Mindbody'!G127) | I44: =IF('Bedaya vs Mindbody'!I127="","",'Bedaya vs Mindbody'!I127) -> Old / no-logo / no-program stock - not listed in Mindbody
A45: =IF('Bedaya vs Mindbody'!H128="","",'Bedaya vs Mindbody'!H128) -> Not in Mindbody | B45: =IF('Bedaya vs Mindbody'!A128="","",'Bedaya vs Mindbody'!A128) -> (no Mindbody product) | C45: =IF('Bedaya vs Mindbody'!B128="","",'Bedaya vs Mindbody'!B128) -> Judo Uniform - 100cm | D45: =IF('Bedaya vs Mindbody'!C128="","",'Bedaya vs Mindbody'!C128) -> Judo Uniform (No Logo) | E45: =IF('Bedaya vs Mindbody'!D128="","",'Bedaya vs Mindbody'!D128) -> 100cm | F45: =IF('Bedaya vs Mindbody'!E128="","",'Bedaya vs Mindbody'!E128) -> 8 | G45: =IF('Bedaya vs Mindbody'!F128="","",'Bedaya vs Mindbody'!F128) | H45: =IF('Bedaya vs Mindbody'!G128="","",'Bedaya vs Mindbody'!G128) | I45: =IF('Bedaya vs Mindbody'!I128="","",'Bedaya vs Mindbody'!I128) -> Old / no-logo / no-program stock - not listed in Mindbody
A46: =IF('Bedaya vs Mindbody'!H16="","",'Bedaya vs Mindbody'!H16) -> Not counted | B46: =IF('Bedaya vs Mindbody'!A16="","",'Bedaya vs Mindbody'!A16) -> Boys Protective Gear | C46: =IF('Bedaya vs Mindbody'!B16="","",'Bedaya vs Mindbody'!B16) -> (none) | D46: =IF('Bedaya vs Mindbody'!C16="","",'Bedaya vs Mindbody'!C16) | E46: =IF('Bedaya vs Mindbody'!D16="","",'Bedaya vs Mindbody'!D16) | F46: =IF('Bedaya vs Mindbody'!E16="","",'Bedaya vs Mindbody'!E16) | G46: =IF('Bedaya vs Mindbody'!F16="","",'Bedaya vs Mindbody'!F16) -> 16 | H46: =IF('Bedaya vs Mindbody'!G16="","",'Bedaya vs Mindbody'!G16) | I46: =IF('Bedaya vs Mindbody'!I16="","",'Bedaya vs Mindbody'!I16) -> In Mindbody, not counted in store
A47: =IF('Bedaya vs Mindbody'!H18="","",'Bedaya vs Mindbody'!H18) -> Not counted | B47: =IF('Bedaya vs Mindbody'!A18="","",'Bedaya vs Mindbody'!A18) -> Elite Jacket | C47: =IF('Bedaya vs Mindbody'!B18="","",'Bedaya vs Mindbody'!B18) -> Large | D47: =IF('Bedaya vs Mindbody'!C18="","",'Bedaya vs Mindbody'!C18) | E47: =IF('Bedaya vs Mindbody'!D18="","",'Bedaya vs Mindbody'!D18) | F47: =IF('Bedaya vs Mindbody'!E18="","",'Bedaya vs Mindbody'!E18) | G47: =IF('Bedaya vs Mindbody'!F18="","",'Bedaya vs Mindbody'!F18) -> 1 | H47: =IF('Bedaya vs Mindbody'!G18="","",'Bedaya vs Mindbody'!G18) | I47: =IF('Bedaya vs Mindbody'!I18="","",'Bedaya vs Mindbody'!I18) -> In Mindbody, not counted in store
A48: =IF('Bedaya vs Mindbody'!H19="","",'Bedaya vs Mindbody'!H19) -> Not counted | B48: =IF('Bedaya vs Mindbody'!A19="","",'Bedaya vs Mindbody'!A19) -> Elite Shirt (Black) | C48: =IF('Bedaya vs Mindbody'!B19="","",'Bedaya vs Mindbody'!B19) -> (none) | D48: =IF('Bedaya vs Mindbody'!C19="","",'Bedaya vs Mindbody'!C19) | E48: =IF('Bedaya vs Mindbody'!D19="","",'Bedaya vs Mindbody'!D19) | F48: =IF('Bedaya vs Mindbody'!E19="","",'Bedaya vs Mindbody'!E19) | G48: =IF('Bedaya vs Mindbody'!F19="","",'Bedaya vs Mindbody'!F19) -> 7 | H48: =IF('Bedaya vs Mindbody'!G19="","",'Bedaya vs Mindbody'!G19) | I48: =IF('Bedaya vs Mindbody'!I19="","",'Bedaya vs Mindbody'!I19) -> In Mindbody, not counted in store
A49: =IF('Bedaya vs Mindbody'!H26="","",'Bedaya vs Mindbody'!H26) -> Not counted | B49: =IF('Bedaya vs Mindbody'!A26="","",'Bedaya vs Mindbody'!A26) -> Elite Shirt (White) | C49: =IF('Bedaya vs Mindbody'!B26="","",'Bedaya vs Mindbody'!B26) -> X Large | D49: =IF('Bedaya vs Mindbody'!C26="","",'Bedaya vs Mindbody'!C26) | E49: =IF('Bedaya vs Mindbody'!D26="","",'Bedaya vs Mindbody'!D26) | F49: =IF('Bedaya vs Mindbody'!E26="","",'Bedaya vs Mindbody'!E26) | G49: =IF('Bedaya vs Mindbody'!F26="","",'Bedaya vs Mindbody'!F26) -> 2 | H49: =IF('Bedaya vs Mindbody'!G26="","",'Bedaya vs Mindbody'!G26) | I49: =IF('Bedaya vs Mindbody'!I26="","",'Bedaya vs Mindbody'!I26) -> In Mindbody, not counted in store
A50: =IF('Bedaya vs Mindbody'!H27="","",'Bedaya vs Mindbody'!H27) -> Not counted | B50: =IF('Bedaya vs Mindbody'!A27="","",'Bedaya vs Mindbody'!A27) -> Elite Shirt (White) | C50: =IF('Bedaya vs Mindbody'!B27="","",'Bedaya vs Mindbody'!B27) -> 9 - 10 | D50: =IF('Bedaya vs Mindbody'!C27="","",'Bedaya vs Mindbody'!C27) | E50: =IF('Bedaya vs Mindbody'!D27="","",'Bedaya vs Mindbody'!D27) | F50: =IF('Bedaya vs Mindbody'!E27="","",'Bedaya vs Mindbody'!E27) | G50: =IF('Bedaya vs Mindbody'!F27="","",'Bedaya vs Mindbody'!F27) -> -3 | H50: =IF('Bedaya vs Mindbody'!G27="","",'Bedaya vs Mindbody'!G27) | I50: =IF('Bedaya vs Mindbody'!I27="","",'Bedaya vs Mindbody'!I27) -> NEGATIVE stock in Mindbody - adjust
A51: =IF('Bedaya vs Mindbody'!H28="","",'Bedaya vs Mindbody'!H28) -> Not counted | B51: =IF('Bedaya vs Mindbody'!A28="","",'Bedaya vs Mindbody'!A28) -> Elite Tournament | C51: =IF('Bedaya vs Mindbody'!B28="","",'Bedaya vs Mindbody'!B28) -> (none) | D51: =IF('Bedaya vs Mindbody'!C28="","",'Bedaya vs Mindbody'!C28) | E51: =IF('Bedaya vs Mindbody'!D28="","",'Bedaya vs Mindbody'!D28) | F51: =IF('Bedaya vs Mindbody'!E28="","",'Bedaya vs Mindbody'!E28) | G51: =IF('Bedaya vs Mindbody'!F28="","",'Bedaya vs Mindbody'!F28) -> -1 | H51: =IF('Bedaya vs Mindbody'!G28="","",'Bedaya vs Mindbody'!G28) | I51: =IF('Bedaya vs Mindbody'!I28="","",'Bedaya vs Mindbody'!I28) -> Event/service item with negative stock - not a physical item
A52: =IF('Bedaya vs Mindbody'!H29="","",'Bedaya vs Mindbody'!H29) -> Not counted | B52: =IF('Bedaya vs Mindbody'!A29="","",'Bedaya vs Mindbody'!A29) -> Free Belts | C52: =IF('Bedaya vs Mindbody'!B29="","",'Bedaya vs Mindbody'!B29) -> Black | D52: =IF('Bedaya vs Mindbody'!C29="","",'Bedaya vs Mindbody'!C29) | E52: =IF('Bedaya vs Mindbody'!D29="","",'Bedaya vs Mindbody'!D29) | F52: =IF('Bedaya vs Mindbody'!E29="","",'Bedaya vs Mindbody'!E29) | G52: =IF('Bedaya vs Mindbody'!F29="","",'Bedaya vs Mindbody'!F29) -> 1 | H52: =IF('Bedaya vs Mindbody'!G29="","",'Bedaya vs Mindbody'!G29) | I52: =IF('Bedaya vs Mindbody'!I29="","",'Bedaya vs Mindbody'!I29) -> In Mindbody, not counted in store
A53: =IF('Bedaya vs Mindbody'!H30="","",'Bedaya vs Mindbody'!H30) -> Not counted | B53: =IF('Bedaya vs Mindbody'!A30="","",'Bedaya vs Mindbody'!A30) -> Free Belts | C53: =IF('Bedaya vs Mindbody'!B30="","",'Bedaya vs Mindbody'!B30) -> Blue | D53: =IF('Bedaya vs Mindbody'!C30="","",'Bedaya vs Mindbody'!C30) | E53: =IF('Bedaya vs Mindbody'!D30="","",'Bedaya vs Mindbody'!D30) | F53: =IF('Bedaya vs Mindbody'!E30="","",'Bedaya vs Mindbody'!E30) | G53: =IF('Bedaya vs Mindbody'!F30="","",'Bedaya vs Mindbody'!F30) -> 16 | H53: =IF('Bedaya vs Mindbody'!G30="","",'Bedaya vs Mindbody'!G30) | I53: =IF('Bedaya vs Mindbody'!I30="","",'Bedaya vs Mindbody'!I30) -> In Mindbody, not counted in store
A54: =IF('Bedaya vs Mindbody'!H31="","",'Bedaya vs Mindbody'!H31) -> Not counted | B54: =IF('Bedaya vs Mindbody'!A31="","",'Bedaya vs Mindbody'!A31) -> Free Belts | C54: =IF('Bedaya vs Mindbody'!B31="","",'Bedaya vs Mindbody'!B31) -> Brown | D54: =IF('Bedaya vs Mindbody'!C31="","",'Bedaya vs Mindbody'!C31) | E54: =IF('Bedaya vs Mindbody'!D31="","",'Bedaya vs Mindbody'!D31) | F54: =IF('Bedaya vs Mindbody'!E31="","",'Bedaya vs Mindbody'!E31) | G54: =IF('Bedaya vs Mindbody'!F31="","",'Bedaya vs Mindbody'!F31) -> 7 | H54: =IF('Bedaya vs Mindbody'!G31="","",'Bedaya vs Mindbody'!G31) | I54: =IF('Bedaya vs Mindbody'!I31="","",'Bedaya vs Mindbody'!I31) -> In Mindbody, not counted in store
A55: =IF('Bedaya vs Mindbody'!H32="","",'Bedaya vs Mindbody'!H32) -> Not counted | B55: =IF('Bedaya vs Mindbody'!A32="","",'Bedaya vs Mindbody'!A32) -> Free Belts | C55: =IF('Bedaya vs Mindbody'!B32="","",'Bedaya vs Mindbody'!B32) -> Green | D55: =IF('Bedaya vs Mindbody'!C32="","",'Bedaya vs Mindbody'!C32) | E55: =IF('Bedaya vs Mindbody'!D32="","",'Bedaya vs Mindbody'!D32) | F55: =IF('Bedaya vs Mindbody'!E32="","",'Bedaya vs Mindbody'!E32) | G55: =IF('Bedaya vs Mindbody'!F32="","",'Bedaya vs Mindbody'!F32) -> 16 | H55: =IF('Bedaya vs Mindbody'!G32="","",'Bedaya vs Mindbody'!G32) | I55: =IF('Bedaya vs Mindbody'!I32="","",'Bedaya vs Mindbody'!I32) -> In Mindbody, not counted in store
A56: =IF('Bedaya vs Mindbody'!H33="","",'Bedaya vs Mindbody'!H33) -> Not counted | B56: =IF('Bedaya vs Mindbody'!A33="","",'Bedaya vs Mindbody'!A33) -> Free Belts | C56: =IF('Bedaya vs Mindbody'!B33="","",'Bedaya vs Mindbody'!B33) -> Orange | D56: =IF('Bedaya vs Mindbody'!C33="","",'Bedaya vs Mindbody'!C33) | E56: =IF('Bedaya vs Mindbody'!D33="","",'Bedaya vs Mindbody'!D33) | F56: =IF('Bedaya vs Mindbody'!E33="","",'Bedaya vs Mindbody'!E33) | G56: =IF('Bedaya vs Mindbody'!F33="","",'Bedaya vs Mindbody'!F33) -> 25 | H56: =IF('Bedaya vs Mindbody'!G33="","",'Bedaya vs Mindbody'!G33) | I56: =IF('Bedaya vs Mindbody'!I33="","",'Bedaya vs Mindbody'!I33) -> In Mindbody, not counted in store
A57: =IF('Bedaya vs Mindbody'!H34="","",'Bedaya vs Mindbody'!H34) -> Not counted | B57: =IF('Bedaya vs Mindbody'!A34="","",'Bedaya vs Mindbody'!A34) -> Free Belts | C57: =IF('Bedaya vs Mindbody'!B34="","",'Bedaya vs Mindbody'!B34) -> Purple | D57: =IF('Bedaya vs Mindbody'!C34="","",'Bedaya vs Mindbody'!C34) | E57: =IF('Bedaya vs Mindbody'!D34="","",'Bedaya vs Mindbody'!D34) | F57: =IF('Bedaya vs Mindbody'!E34="","",'Bedaya vs Mindbody'!E34) | G57: =IF('Bedaya vs Mindbody'!F34="","",'Bedaya vs Mindbody'!F34) -> 31 | H57: =IF('Bedaya vs Mindbody'!G34="","",'Bedaya vs Mindbody'!G34) | I57: =IF('Bedaya vs Mindbody'!I34="","",'Bedaya vs Mindbody'!I34) -> In Mindbody, not counted in store
A58: =IF('Bedaya vs Mindbody'!H35="","",'Bedaya vs Mindbody'!H35) -> Not counted | B58: =IF('Bedaya vs Mindbody'!A35="","",'Bedaya vs Mindbody'!A35) -> Free Belts | C58: =IF('Bedaya vs Mindbody'!B35="","",'Bedaya vs Mindbody'!B35) -> Red | D58: =IF('Bedaya vs Mindbody'!C35="","",'Bedaya vs Mindbody'!C35) | E58: =IF('Bedaya vs Mindbody'!D35="","",'Bedaya vs Mindbody'!D35) | F58: =IF('Bedaya vs Mindbody'!E35="","",'Bedaya vs Mindbody'!E35) | G58: =IF('Bedaya vs Mindbody'!F35="","",'Bedaya vs Mindbody'!F35) -> 21 | H58: =IF('Bedaya vs Mindbody'!G35="","",'Bedaya vs Mindbody'!G35) | I58: =IF('Bedaya vs Mindbody'!I35="","",'Bedaya vs Mindbody'!I35) -> In Mindbody, not counted in store
A59: =IF('Bedaya vs Mindbody'!H36="","",'Bedaya vs Mindbody'!H36) -> Not counted | B59: =IF('Bedaya vs Mindbody'!A36="","",'Bedaya vs Mindbody'!A36) -> Free Belts | C59: =IF('Bedaya vs Mindbody'!B36="","",'Bedaya vs Mindbody'!B36) -> Yellow | D59: =IF('Bedaya vs Mindbody'!C36="","",'Bedaya vs Mindbody'!C36) | E59: =IF('Bedaya vs Mindbody'!D36="","",'Bedaya vs Mindbody'!D36) | F59: =IF('Bedaya vs Mindbody'!E36="","",'Bedaya vs Mindbody'!E36) | G59: =IF('Bedaya vs Mindbody'!F36="","",'Bedaya vs Mindbody'!F36) -> 20 | H59: =IF('Bedaya vs Mindbody'!G36="","",'Bedaya vs Mindbody'!G36) | I59: =IF('Bedaya vs Mindbody'!I36="","",'Bedaya vs Mindbody'!I36) -> In Mindbody, not counted in store
A60: =IF('Bedaya vs Mindbody'!H62="","",'Bedaya vs Mindbody'!H62) -> Not counted | B60: =IF('Bedaya vs Mindbody'!A62="","",'Bedaya vs Mindbody'!A62) -> Kyokushin Gloves | C60: =IF('Bedaya vs Mindbody'!B62="","",'Bedaya vs Mindbody'!B62) -> Medium | D60: =IF('Bedaya vs Mindbody'!C62="","",'Bedaya vs Mindbody'!C62) | E60: =IF('Bedaya vs Mindbody'!D62="","",'Bedaya vs Mindbody'!D62) | F60: =IF('Bedaya vs Mindbody'!E62="","",'Bedaya vs Mindbody'!E62) | G60: =IF('Bedaya vs Mindbody'!F62="","",'Bedaya vs Mindbody'!F62) -> 12 | H60: =IF('Bedaya vs Mindbody'!G62="","",'Bedaya vs Mindbody'!G62) | I60: =IF('Bedaya vs Mindbody'!I62="","",'Bedaya vs Mindbody'!I62) -> In Mindbody, not counted in store
A61: =IF('Bedaya vs Mindbody'!H63="","",'Bedaya vs Mindbody'!H63) -> Not counted | B61: =IF('Bedaya vs Mindbody'!A63="","",'Bedaya vs Mindbody'!A63) -> Kyokushin Gloves | C61: =IF('Bedaya vs Mindbody'!B63="","",'Bedaya vs Mindbody'!B63) -> Large | D61: =IF('Bedaya vs Mindbody'!C63="","",'Bedaya vs Mindbody'!C63) | E61: =IF('Bedaya vs Mindbody'!D63="","",'Bedaya vs Mindbody'!D63) | F61: =IF('Bedaya vs Mindbody'!E63="","",'Bedaya vs Mindbody'!E63) | G61: =IF('Bedaya vs Mindbody'!F63="","",'Bedaya vs Mindbody'!F63) -> 3 | H61: =IF('Bedaya vs Mindbody'!G63="","",'Bedaya vs Mindbody'!G63) | I61: =IF('Bedaya vs Mindbody'!I63="","",'Bedaya vs Mindbody'!I63) -> In Mindbody, not counted in store
A62: =IF('Bedaya vs Mindbody'!H64="","",'Bedaya vs Mindbody'!H64) -> Not counted | B62: =IF('Bedaya vs Mindbody'!A64="","",'Bedaya vs Mindbody'!A64) -> Kyokushin Test | C62: =IF('Bedaya vs Mindbody'!B64="","",'Bedaya vs Mindbody'!B64) -> (none) | D62: =IF('Bedaya vs Mindbody'!C64="","",'Bedaya vs Mindbody'!C64) | E62: =IF('Bedaya vs Mindbody'!D64="","",'Bedaya vs Mindbody'!D64) | F62: =IF('Bedaya vs Mindbody'!E64="","",'Bedaya vs Mindbody'!E64) | G62: =IF('Bedaya vs Mindbody'!F64="","",'Bedaya vs Mindbody'!F64) -> -24 | H62: =IF('Bedaya vs Mindbody'!G64="","",'Bedaya vs Mindbody'!G64) | I62: =IF('Bedaya vs Mindbody'!I64="","",'Bedaya vs Mindbody'!I64) -> Event/test item with negative stock - not a physical item
A63: =IF('Bedaya vs Mindbody'!H77="","",'Bedaya vs Mindbody'!H77) -> Not counted | B63: =IF('Bedaya vs Mindbody'!A77="","",'Bedaya vs Mindbody'!A77) -> New Judo | C63: =IF('Bedaya vs Mindbody'!B77="","",'Bedaya vs Mindbody'!B77) -> 170 | D63: =IF('Bedaya vs Mindbody'!C77="","",'Bedaya vs Mindbody'!C77) -> Judo Uniform | E63: =IF('Bedaya vs Mindbody'!D77="","",'Bedaya vs Mindbody'!D77) -> 170cm | F63: =IF('Bedaya vs Mindbody'!E77="","",'Bedaya vs Mindbody'!E77) | G63: =IF('Bedaya vs Mindbody'!F77="","",'Bedaya vs Mindbody'!F77) -> 0 | H63: =IF('Bedaya vs Mindbody'!G77="","",'Bedaya vs Mindbody'!G77) | I63: =IF('Bedaya vs Mindbody'!I77="","",'Bedaya vs Mindbody'!I77) -> Physical quantity was never written - confirm
A64: =IF('Bedaya vs Mindbody'!H104="","",'Bedaya vs Mindbody'!H104) -> Not counted | B64: =IF('Bedaya vs Mindbody'!A104="","",'Bedaya vs Mindbody'!A104) -> Staff Shirt | C64: =IF('Bedaya vs Mindbody'!B104="","",'Bedaya vs Mindbody'!B104) -> X Large | D64: =IF('Bedaya vs Mindbody'!C104="","",'Bedaya vs Mindbody'!C104) | E64: =IF('Bedaya vs Mindbody'!D104="","",'Bedaya vs Mindbody'!D104) | F64: =IF('Bedaya vs Mindbody'!E104="","",'Bedaya vs Mindbody'!E104) | G64: =IF('Bedaya vs Mindbody'!F104="","",'Bedaya vs Mindbody'!F104) -> 1 | H64: =IF('Bedaya vs Mindbody'!G104="","",'Bedaya vs Mindbody'!G104) | I64: =IF('Bedaya vs Mindbody'!I104="","",'Bedaya vs Mindbody'!I104) -> In Mindbody, not counted in store
A65: =IF('Bedaya vs Mindbody'!H107="","",'Bedaya vs Mindbody'!H107) -> Not counted | B65: =IF('Bedaya vs Mindbody'!A107="","",'Bedaya vs Mindbody'!A107) -> Systema Shirt | C65: =IF('Bedaya vs Mindbody'!B107="","",'Bedaya vs Mindbody'!B107) -> Black (no size) | D65: =IF('Bedaya vs Mindbody'!C107="","",'Bedaya vs Mindbody'!C107) | E65: =IF('Bedaya vs Mindbody'!D107="","",'Bedaya vs Mindbody'!D107) | F65: =IF('Bedaya vs Mindbody'!E107="","",'Bedaya vs Mindbody'!E107) | G65: =IF('Bedaya vs Mindbody'!F107="","",'Bedaya vs Mindbody'!F107) -> 86 | H65: =IF('Bedaya vs Mindbody'!G107="","",'Bedaya vs Mindbody'!G107) | I65: =IF('Bedaya vs Mindbody'!I107="","",'Bedaya vs Mindbody'!I107) -> In Mindbody, not counted in store
A66: =IF('Bedaya vs Mindbody'!H111="","",'Bedaya vs Mindbody'!H111) -> Not counted | B66: =IF('Bedaya vs Mindbody'!A111="","",'Bedaya vs Mindbody'!A111) -> Taekwondo Test | C66: =IF('Bedaya vs Mindbody'!B111="","",'Bedaya vs Mindbody'!B111) -> (none) | D66: =IF('Bedaya vs Mindbody'!C111="","",'Bedaya vs Mindbody'!C111) | E66: =IF('Bedaya vs Mindbody'!D111="","",'Bedaya vs Mindbody'!D111) | F66: =IF('Bedaya vs Mindbody'!E111="","",'Bedaya vs Mindbody'!E111) | G66: =IF('Bedaya vs Mindbody'!F111="","",'Bedaya vs Mindbody'!F111) -> -11 | H66: =IF('Bedaya vs Mindbody'!G111="","",'Bedaya vs Mindbody'!G111) | I66: =IF('Bedaya vs Mindbody'!I111="","",'Bedaya vs Mindbody'!I111) -> Event/test item with negative stock - not a physical item
A67: =IF('Bedaya vs Mindbody'!H113="","",'Bedaya vs Mindbody'!H113) -> Not counted | B67: =IF('Bedaya vs Mindbody'!A113="","",'Bedaya vs Mindbody'!A113) -> Bottle Water | C67: =IF('Bedaya vs Mindbody'!B113="","",'Bedaya vs Mindbody'!B113) -> Orange | D67: =IF('Bedaya vs Mindbody'!C113="","",'Bedaya vs Mindbody'!C113) | E67: =IF('Bedaya vs Mindbody'!D113="","",'Bedaya vs Mindbody'!D113) | F67: =IF('Bedaya vs Mindbody'!E113="","",'Bedaya vs Mindbody'!E113) | G67: =IF('Bedaya vs Mindbody'!F113="","",'Bedaya vs Mindbody'!F113) -> 27 | H67: =IF('Bedaya vs Mindbody'!G113="","",'Bedaya vs Mindbody'!G113) | I67: =IF('Bedaya vs Mindbody'!I113="","",'Bedaya vs Mindbody'!I113) -> In Mindbody, not counted in store
A68: =IF('Bedaya vs Mindbody'!H114="","",'Bedaya vs Mindbody'!H114) -> Not counted | B68: =IF('Bedaya vs Mindbody'!A114="","",'Bedaya vs Mindbody'!A114) -> Bottle Water | C68: =IF('Bedaya vs Mindbody'!B114="","",'Bedaya vs Mindbody'!B114) -> White | D68: =IF('Bedaya vs Mindbody'!C114="","",'Bedaya vs Mindbody'!C114) | E68: =IF('Bedaya vs Mindbody'!D114="","",'Bedaya vs Mindbody'!D114) | F68: =IF('Bedaya vs Mindbody'!E114="","",'Bedaya vs Mindbody'!E114) | G68: =IF('Bedaya vs Mindbody'!F114="","",'Bedaya vs Mindbody'!F114) -> 15 | H68: =IF('Bedaya vs Mindbody'!G114="","",'Bedaya vs Mindbody'!G114) | I68: =IF('Bedaya vs Mindbody'!I114="","",'Bedaya vs Mindbody'!I114) -> In Mindbody, not counted in store
A69: =IF('Bedaya vs Mindbody'!H125="","",'Bedaya vs Mindbody'!H125) -> Not counted | B69: =IF('Bedaya vs Mindbody'!A125="","",'Bedaya vs Mindbody'!A125) -> (no Mindbody product) | C69: =IF('Bedaya vs Mindbody'!B125="","",'Bedaya vs Mindbody'!B125) -> Judo Uniform - 150cm (upper only) | D69: =IF('Bedaya vs Mindbody'!C125="","",'Bedaya vs Mindbody'!C125) -> Judo Uniform (With Logo) | E69: =IF('Bedaya vs Mindbody'!D125="","",'Bedaya vs Mindbody'!D125) -> 150cm (upper only) | F69: =IF('Bedaya vs Mindbody'!E125="","",'Bedaya vs Mindbody'!E125) | G69: =IF('Bedaya vs Mindbody'!F125="","",'Bedaya vs Mindbody'!F125) | H69: =IF('Bedaya vs Mindbody'!G125="","",'Bedaya vs Mindbody'!G125) | I69: =IF('Bedaya vs Mindbody'!I125="","",'Bedaya vs Mindbody'!I125) -> Old / no-logo / no-program stock - not listed in Mindbody | quantity not written

Sheet Promenade vs Mindbody
A1: Promenade - physical count vs Mindbody (Inventory On Hand, 20 Sep 2026)
A2: Physical = Promenade handwritten count (16-17 Sep) plus the 19 Sep transfer received from Bedaya. Sales after the count dates are NOT adjusted. Mindbody quantities (blue) are typed from the export.
A4: Summary (number of lines)
A5: Match | C5: Physical higher | E5: Mindbody higher | G5: Not in Mindbody | I5: Not counted
A6: =COUNTIF($H$10:$H$99,"Match") -> 11 | C6: =COUNTIF($H$10:$H$99,"Physical higher") -> 3 | E6: =COUNTIF($H$10:$H$99,"Mindbody higher") -> 0 | G6: =COUNTIF($H$10:$H$99,"Not in Mindbody") -> 70 | I6: =COUNTIF($H$10:$H$99,"Not counted") -> 6
A9: Mindbody product | B9: Mindbody size | C9: Counted item | D9: Counted size | E9: Physical count | F9: Mindbody qty | G9: Variance (physical - Mindbody) | H9: Status | I9: Comment
A10: Boxing Gloves | B10: 6 oz | C10: Boxing Gloves | D10: 6oz | E10: =SUMPRODUCT((Promenade!$A$2:$A$200="Promenade")*(Promenade!$B$2:$B$200="Boxing Gloves")*(Promenade!$D$2:$D$200="6oz"),Promenade!$E$2:$E$200) -> 2 | F10: 2 | G10: =IF(OR(E10="",F10=""),"",E10-F10) -> 0 | H10: =IF(E10="","Not counted",IF(F10="","Not in Mindbody",IF(E10=F10,"Match",IF(E10>F10,"Physical higher","Mindbody higher")))) -> Match
A11: Boxing Gloves | B11: 8 oz | C11: Boxing Gloves | D11: 8oz | E11: =SUMPRODUCT((Promenade!$A$2:$A$200="Promenade")*(Promenade!$B$2:$B$200="Boxing Gloves")*(Promenade!$D$2:$D$200="8oz"),Promenade!$E$2:$E$200) -> 2 | F11: 2 | G11: =IF(OR(E11="",F11=""),"",E11-F11) -> 0 | H11: =IF(E11="","Not counted",IF(F11="","Not in Mindbody",IF(E11=F11,"Match",IF(E11>F11,"Physical higher","Mindbody higher")))) -> Match
A12: Boxing Gloves | B12: 10 oz | C12: Boxing Gloves | D12: 10oz | E12: =SUMPRODUCT((Promenade!$A$2:$A$200="Promenade")*(Promenade!$B$2:$B$200="Boxing Gloves")*(Promenade!$D$2:$D$200="10oz"),Promenade!$E$2:$E$200) -> 2 | F12: 2 | G12: =IF(OR(E12="",F12=""),"",E12-F12) -> 0 | H12: =IF(E12="","Not counted",IF(F12="","Not in Mindbody",IF(E12=F12,"Match",IF(E12>F12,"Physical higher","Mindbody higher")))) -> Match
A13: Boxing Gloves | B13: 12 oz | C13: Boxing Gloves | D13: 12oz | E13: =SUMPRODUCT((Promenade!$A$2:$A$200="Promenade")*(Promenade!$B$2:$B$200="Boxing Gloves")*(Promenade!$D$2:$D$200="12oz"),Promenade!$E$2:$E$200) -> 1 | F13: 1 | G13: =IF(OR(E13="",F13=""),"",E13-F13) -> 0 | H13: =IF(E13="","Not counted",IF(F13="","Not in Mindbody",IF(E13=F13,"Match",IF(E13>F13,"Physical higher","Mindbody higher")))) -> Match
A14: Elite Shirt (White) | B14: 11 - 12 | C14: White T-shirt (Elite) | D14: 11/12 | E14: =SUMPRODUCT((Promenade!$A$2:$A$200="Promenade")*(Promenade!$B$2:$B$200="White T-shirt (Elite)")*(Promenade!$D$2:$D$200="11/12"),Promenade!$E$2:$E$200) -> 5 | F14: 5 | G14: =IF(OR(E14="",F14=""),"",E14-F14) -> 0 | H14: =IF(E14="","Not counted",IF(F14="","Not in Mindbody",IF(E14=F14,"Match",IF(E14>F14,"Physical higher","Mindbody higher")))) -> Match
A15: Elite Shirt (White) | B15: 3 - 4 | C15: White T-shirt (Elite) | D15: 3/4 | E15: =SUMPRODUCT((Promenade!$A$2:$A$200="Promenade")*(Promenade!$B$2:$B$200="White T-shirt (Elite)")*(Promenade!$D$2:$D$200="3/4"),Promenade!$E$2:$E$200) -> 8 | F15: 8 | G15: =IF(OR(E15="",F15=""),"",E15-F15) -> 0 | H15: =IF(E15="","Not counted",IF(F15="","Not in Mindbody",IF(E15=F15,"Match",IF(E15>F15,"Physical higher","Mindbody higher")))) -> Match
A16: Elite Shirt (White) | B16: 5 - 6 | C16: White T-shirt (Elite) | D16: 5/6 | E16: =SUMPRODUCT((Promenade!$A$2:$A$200="Promenade")*(Promenade!$B$2:$B$200="White T-shirt (Elite)")*(Promenade!$D$2:$D$200="5/6"),Promenade!$E$2:$E$200) -> 2 | F16: 1 | G16: =IF(OR(E16="",F16=""),"",E16-F16) -> 1 | H16: =IF(E16="","Not counted",IF(F16="","Not in Mindbody",IF(E16=F16,"Match",IF(E16>F16,"Physical higher","Mindbody higher")))) -> Physical higher | I16: 'From Argan (Old)' 5/6 (1) is listed separately and not included here
A17: Elite Shirt (White) | B17: 7 - 8 | C17: White T-shirt (Elite) | D17: 7/8 | E17: =SUMPRODUCT((Promenade!$A$2:$A$200="Promenade")*(Promenade!$B$2:$B$200="White T-shirt (Elite)")*(Promenade!$D$2:$D$200="7/8"),Promenade!$E$2:$E$200) -> 2 | F17: 2 | G17: =IF(OR(E17="",F17=""),"",E17-F17) -> 0 | H17: =IF(E17="","Not counted",IF(F17="","Not in Mindbody",IF(E17=F17,"Match",IF(E17>F17,"Physical higher","Mindbody higher")))) -> Match
A18: Elite Shirt (White) | B18: 9 - 10 | C18: White T-shirt (Elite) | D18: 9/10 | E18: =SUMPRODUCT((Promenade!$A$2:$A$200="Promenade")*(Promenade!$B$2:$B$200="White T-shirt (Elite)")*(Promenade!$D$2:$D$200="9/10"),Promenade!$E$2:$E$200) -> 6 | F18: 5 | G18: =IF(OR(E18="",F18=""),"",E18-F18) -> 1 | H18: =IF(E18="","Not counted",IF(F18="","Not in Mindbody",IF(E18=F18,"Match",IF(E18>F18,"Physical higher","Mindbody higher")))) -> Physical higher
A19: Shin Guard | B19: Extra Large | C19: Shin Guard | D19: XL | E19: =SUMPRODUCT((Promenade!$A$2:$A$200="Promenade")*(Promenade!$B$2:$B$200="Shin Guard")*(Promenade!$D$2:$D$200="XL"),Promenade!$E$2:$E$200) -> 2 | F19: 2 | G19: =IF(OR(E19="",F19=""),"",E19-F19) -> 0 | H19: =IF(E19="","Not counted",IF(F19="","Not in Mindbody",IF(E19=F19,"Match",IF(E19>F19,"Physical higher","Mindbody higher")))) -> Match
A20: Shin Guard | B20: Extra Small | C20: Shin Guard | D20: XS | E20: =SUMPRODUCT((Promenade!$A$2:$A$200="Promenade")*(Promenade!$B$2:$B$200="Shin Guard")*(Promenade!$D$2:$D$200="XS"),Promenade!$E$2:$E$200) -> 2 | F20: 2 | G20: =IF(OR(E20="",F20=""),"",E20-F20) -> 0 | H20: =IF(E20="","Not counted",IF(F20="","Not in Mindbody",IF(E20=F20,"Match",IF(E20>F20,"Physical higher","Mindbody higher")))) -> Match
A21: Shin Guard | B21: Large | C21: Shin Guard | D21: L | E21: =SUMPRODUCT((Promenade!$A$2:$A$200="Promenade")*(Promenade!$B$2:$B$200="Shin Guard")*(Promenade!$D$2:$D$200="L"),Promenade!$E$2:$E$200) -> 4 | F21: 2 | G21: =IF(OR(E21="",F21=""),"",E21-F21) -> 2 | H21: =IF(E21="","Not counted",IF(F21="","Not in Mindbody",IF(E21=F21,"Match",IF(E21>F21,"Physical higher","Mindbody higher")))) -> Physical higher | I21: Physical 4 = 2 counted (New items) + 2 transferred; Mindbody 2 = transfer only
A22: Shin Guard | B22: Medium | C22: Shin Guard | D22: M | E22: =SUMPRODUCT((Promenade!$A$2:$A$200="Promenade")*(Promenade!$B$2:$B$200="Shin Guard")*(Promenade!$D$2:$D$200="M"),Promenade!$E$2:$E$200) -> 2 | F22: 2 | G22: =IF(OR(E22="",F22=""),"",E22-F22) -> 0 | H22: =IF(E22="","Not counted",IF(F22="","Not in Mindbody",IF(E22=F22,"Match",IF(E22>F22,"Physical higher","Mindbody higher")))) -> Match | I22: Physical is the 2 transferred only - pre-transfer M count was not written
A23: Shin Guard | B23: Small | C23: Shin Guard | D23: S | E23: =SUMPRODUCT((Promenade!$A$2:$A$200="Promenade")*(Promenade!$B$2:$B$200="Shin Guard")*(Promenade!$D$2:$D$200="S"),Promenade!$E$2:$E$200) -> 1 | F23: 1 | G23: =IF(OR(E23="",F23=""),"",E23-F23) -> 0 | H23: =IF(E23="","Not counted",IF(F23="","Not in Mindbody",IF(E23=F23,"Match",IF(E23>F23,"Physical higher","Mindbody higher")))) -> Match
A24: (no Mindbody product) | C24: Kajukimbo Patch - Shoulder | D24: - | E24: =SUMPRODUCT((Promenade!$A$2:$A$200="Promenade")*(Promenade!$B$2:$B$200="Kajukimbo Patch - Shoulder")*(Promenade!$D$2:$D$200="-"),Promenade!$E$2:$E$200) -> 6 | G24: =IF(OR(E24="",F24=""),"",E24-F24) | H24: =IF(E24="","Not counted",IF(F24="","Not in Mindbody",IF(E24=F24,"Match",IF(E24>F24,"Physical higher","Mindbody higher")))) -> Not in Mindbody | I24: Kajukenbo Patch exists in Bedaya Mindbody, not set up at Promenade
A25: (no Mindbody product) | C25: Kajukimbo Patch - Circle (Front) | D25: - | E25: =SUMPRODUCT((Promenade!$A$2:$A$200="Promenade")*(Promenade!$B$2:$B$200="Kajukimbo Patch - Circle (Front)")*(Promenade!$D$2:$D$200="-"),Promenade!$E$2:$E$200) -> 6 | G25: =IF(OR(E25="",F25=""),"",E25-F25) | H25: =IF(E25="","Not counted",IF(F25="","Not in Mindbody",IF(E25=F25,"Match",IF(E25>F25,"Physical higher","Mindbody higher")))) -> Not in Mindbody | I25: Kajukenbo Patch exists in Bedaya Mindbody, not set up at Promenade
A26: (no Mindbody product) | C26: White T-shirt (Elite) - From Argan (Old) | D26: 13/14 | E26: =SUMPRODUCT((Promenade!$A$2:$A$200="Promenade")*(Promenade!$B$2:$B$200="White T-shirt (Elite) - From Argan (Old)")*(Promenade!$D$2:$D$200="13/14"),Promenade!$E$2:$E$200) -> 1 | G26: =IF(OR(E26="",F26=""),"",E26-F26) | H26: =IF(E26="","Not counted",IF(F26="","Not in Mindbody",IF(E26=F26,"Match",IF(E26>F26,"Physical higher","Mindbody higher")))) -> Not in Mindbody | I26: Not listed in Mindbody Promenade
A27: (no Mindbody product) | C27: White T-shirt (Elite) - From Argan (Old) | D27: 11/12 | E27: =SUMPRODUCT((Promenade!$A$2:$A$200="Promenade")*(Promenade!$B$2:$B$200="White T-shirt (Elite) - From Argan (Old)")*(Promenade!$D$2:$D$200="11/12"),Promenade!$E$2:$E$200) -> 2 | G27: =IF(OR(E27="",F27=""),"",E27-F27) | H27: =IF(E27="","Not counted",IF(F27="","Not in Mindbody",IF(E27=F27,"Match",IF(E27>F27,"Physical higher","Mindbody higher")))) -> Not in Mindbody | I27: Not listed in Mindbody Promenade
A28: (no Mindbody product) | C28: White T-shirt (Elite) - From Argan (Old) | D28: 5/6 | E28: =SUMPRODUCT((Promenade!$A$2:$A$200="Promenade")*(Promenade!$B$2:$B$200="White T-shirt (Elite) - From Argan (Old)")*(Promenade!$D$2:$D$200="5/6"),Promenade!$E$2:$E$200) -> 1 | G28: =IF(OR(E28="",F28=""),"",E28-F28) | H28: =IF(E28="","Not counted",IF(F28="","Not in Mindbody",IF(E28=F28,"Match",IF(E28>F28,"Physical higher","Mindbody higher")))) -> Not in Mindbody | I28: Not listed in Mindbody Promenade
A29: (no Mindbody product) | C29: White T-shirt (Elite) - From Argan (Old) | D29: 3/4 | E29: =SUMPRODUCT((Promenade!$A$2:$A$200="Promenade")*(Promenade!$B$2:$B$200="White T-shirt (Elite) - From Argan (Old)")*(Promenade!$D$2:$D$200="3/4"),Promenade!$E$2:$E$200) -> 2 | G29: =IF(OR(E29="",F29=""),"",E29-F29) | H29: =IF(E29="","Not counted",IF(F29="","Not in Mindbody",IF(E29=F29,"Match",IF(E29>F29,"Physical higher","Mindbody higher")))) -> Not in Mindbody | I29: Not listed in Mindbody Promenade
A30: (no Mindbody product) | C30: Instructor T-shirt (Elite Logo) | D30: L | E30: =SUMPRODUCT((Promenade!$A$2:$A$200="Promenade")*(Promenade!$B$2:$B$200="Instructor T-shirt (Elite Logo)")*(Promenade!$D$2:$D$200="L"),Promenade!$E$2:$E$200) -> 1 | G30: =IF(OR(E30="",F30=""),"",E30-F30) | H30: =IF(E30="","Not counted",IF(F30="","Not in Mindbody",IF(E30=F30,"Match",IF(E30>F30,"Physical higher","Mindbody higher")))) -> Not in Mindbody | I30: Instructor Shirt exists in Bedaya Mindbody, not set up at Promenade
A31: (no Mindbody product) | C31: Elite T-shirt (Gray) | D31: L | E31: =SUMPRODUCT((Promenade!$A$2:$A$200="Promenade")*(Promenade!$B$2:$B$200="Elite T-shirt (Gray)")*(Promenade!$D$2:$D$200="L"),Promenade!$E$2:$E$200) -> 2 | G31: =IF(OR(E31="",F31=""),"",E31-F31) | H31: =IF(E31="","Not counted",IF(F31="","Not in Mindbody",IF(E31=F31,"Match",IF(E31>F31,"Physical higher","Mindbody higher")))) -> Not in Mindbody | I31: Not listed in Mindbody Promenade
A32: (no Mindbody product) | C32: Elite T-shirt (Gray) | D32: M | E32: =SUMPRODUCT((Promenade!$A$2:$A$200="Promenade")*(Promenade!$B$2:$B$200="Elite T-shirt (Gray)")*(Promenade!$D$2:$D$200="M"),Promenade!$E$2:$E$200) -> 2 | G32: =IF(OR(E32="",F32=""),"",E32-F32) | H32: =IF(E32="","Not counted",IF(F32="","Not in Mindbody",IF(E32=F32,"Match",IF(E32>F32,"Physical higher","Mindbody higher")))) -> Not in Mindbody | I32: Not listed in Mindbody Promenade
A33: (no Mindbody product) | C33: Students' Elite T-shirt (White) | D33: M | E33: =SUMPRODUCT((Promenade!$A$2:$A$200="Promenade")*(Promenade!$B$2:$B$200="Students' Elite T-shirt (White)")*(Promenade!$D$2:$D$200="M"),Promenade!$E$2:$E$200) -> 1 | G33: =IF(OR(E33="",F33=""),"",E33-F33) | H33: =IF(E33="","Not counted",IF(F33="","Not in Mindbody",IF(E33=F33,"Match",IF(E33>F33,"Physical higher","Mindbody higher")))) -> Not in Mindbody | I33: Mindbody Promenade has only kids' Elite Shirt sizes (3-4 to 11-12)
A34: (no Mindbody product) | C34: Short Pants (Black) | D34: - | E34: =SUMPRODUCT((Promenade!$A$2:$A$200="Promenade")*(Promenade!$B$2:$B$200="Short Pants (Black)")*(Promenade!$D$2:$D$200="-"),Promenade!$E$2:$E$200) -> 1 | G34: =IF(OR(E34="",F34=""),"",E34-F34) | H34: =IF(E34="","Not counted",IF(F34="","Not in Mindbody",IF(E34=F34,"Match",IF(E34>F34,"Physical higher","Mindbody higher")))) -> Not in Mindbody | I34: Not listed in Mindbody Promenade
A35: (no Mindbody product) | C35: Headguard (Elite Logo) | D35: - | E35: =SUMPRODUCT((Promenade!$A$2:$A$200="Promenade")*(Promenade!$B$2:$B$200="Headguard (Elite Logo)")*(Promenade!$D$2:$D$200="-"),Promenade!$E$2:$E$200) -> 1 | G35: =IF(OR(E35="",F35=""),"",E35-F35) | H35: =IF(E35="","Not counted",IF(F35="","Not in Mindbody",IF(E35=F35,"Match",IF(E35>F35,"Physical higher","Mindbody higher")))) -> Not in Mindbody | I35: Not listed in Mindbody Promenade
A36: (no Mindbody product) | C36: Boxing Gloves (Elite Logo) | D36: 10oz | E36: =SUMPRODUCT((Promenade!$A$2:$A$200="Promenade")*(Promenade!$B$2:$B$200="Boxing Gloves (Elite Logo)")*(Promenade!$D$2:$D$200="10oz"),Promenade!$E$2:$E$200) -> 3 | G36: =IF(OR(E36="",F36=""),"",E36-F36) | H36: =IF(E36="","Not counted",IF(F36="","Not in Mindbody",IF(E36=F36,"Match",IF(E36>F36,"Physical higher","Mindbody higher")))) -> Not in Mindbody | I36: Not listed in Mindbody Promenade
A37: (no Mindbody product) | C37: Boxing Gloves (Elite Logo) | D37: 8oz | E37: =SUMPRODUCT((Promenade!$A$2:$A$200="Promenade")*(Promenade!$B$2:$B$200="Boxing Gloves (Elite Logo)")*(Promenade!$D$2:$D$200="8oz"),Promenade!$E$2:$E$200) -> 1 | G37: =IF(OR(E37="",F37=""),"",E37-F37) | H37: =IF(E37="","Not counted",IF(F37="","Not in Mindbody",IF(E37=F37,"Match",IF(E37>F37,"Physical higher","Mindbody higher")))) -> Not in Mindbody | I37: Not listed in Mindbody Promenade
A38: (no Mindbody product) | C38: MMA Gloves (Elite Logo) | D38: L | E38: =SUMPRODUCT((Promenade!$A$2:$A$200="Promenade")*(Promenade!$B$2:$B$200="MMA Gloves (Elite Logo)")*(Promenade!$D$2:$D$200="L"),Promenade!$E$2:$E$200) -> 3 | G38: =IF(OR(E38="",F38=""),"",E38-F38) | H38: =IF(E38="","Not counted",IF(F38="","Not in Mindbody",IF(E38=F38,"Match",IF(E38>F38,"Physical higher","Mindbody higher")))) -> Not in Mindbody | I38: Not listed in Mindbody Promenade
A39: (no Mindbody product) | C39: Gloves (Elite Logo) - Old | D39: M | E39: =SUMPRODUCT((Promenade!$A$2:$A$200="Promenade")*(Promenade!$B$2:$B$200="Gloves (Elite Logo) - Old")*(Promenade!$D$2:$D$200="M"),Promenade!$E$2:$E$200) -> 23 | G39: =IF(OR(E39="",F39=""),"",E39-F39) | H39: =IF(E39="","Not counted",IF(F39="","Not in Mindbody",IF(E39=F39,"Match",IF(E39>F39,"Physical higher","Mindbody higher")))) -> Not in Mindbody | I39: Not listed in Mindbody Promenade
A40: (no Mindbody product) | C40: Gloves (Elite Logo) - Old | D40: L | G40: =IF(OR(E40="",F40=""),"",E40-F40) | H40: =IF(E40="","Not counted",IF(F40="","Not in Mindbody",IF(E40=F40,"Match",IF(E40>F40,"Physical higher","Mindbody higher")))) -> Not counted | I40: Not listed in Mindbody Promenade | Quantity not written
A41: (no Mindbody product) | C41: Gloves (Elite Logo) - Old | D41: S | G41: =IF(OR(E41="",F41=""),"",E41-F41) | H41: =IF(E41="","Not counted",IF(F41="","Not in Mindbody",IF(E41=F41,"Match",IF(E41>F41,"Physical higher","Mindbody higher")))) -> Not counted | I41: Not listed in Mindbody Promenade | Quantity not written
A42: (no Mindbody product) | C42: Shin Guard (Elite Logo) - Old | D42: L | E42: =SUMPRODUCT((Promenade!$A$2:$A$200="Promenade")*(Promenade!$B$2:$B$200="Shin Guard (Elite Logo) - Old")*(Promenade!$D$2:$D$200="L"),Promenade!$E$2:$E$200) -> 3 | G42: =IF(OR(E42="",F42=""),"",E42-F42) | H42: =IF(E42="","Not counted",IF(F42="","Not in Mindbody",IF(E42=F42,"Match",IF(E42>F42,"Physical higher","Mindbody higher")))) -> Not in Mindbody | I42: Not listed in Mindbody Promenade
A43: (no Mindbody product) | C43: Jiu Jitsu Uniform (Elite Logo) | D43: A3 - Black | E43: =SUMPRODUCT((Promenade!$A$2:$A$200="Promenade")*(Promenade!$B$2:$B$200="Jiu Jitsu Uniform (Elite Logo)")*(Promenade!$D$2:$D$200="A3 - Black"),Promenade!$E$2:$E$200) -> 1 | G43: =IF(OR(E43="",F43=""),"",E43-F43) | H43: =IF(E43="","Not counted",IF(F43="","Not in Mindbody",IF(E43=F43,"Match",IF(E43>F43,"Physical higher","Mindbody higher")))) -> Not in Mindbody | I43: Jiu Jitsu Uniforms exist in Bedaya Mindbody, not set up at Promenade
A44: (no Mindbody product) | C44: Jiu Jitsu Uniform (Elite Logo) | D44: 3/180 - Gray | E44: =SUMPRODUCT((Promenade!$A$2:$A$200="Promenade")*(Promenade!$B$2:$B$200="Jiu Jitsu Uniform (Elite Logo)")*(Promenade!$D$2:$D$200="3/180 - Gray"),Promenade!$E$2:$E$200) -> 1 | G44: =IF(OR(E44="",F44=""),"",E44-F44) | H44: =IF(E44="","Not counted",IF(F44="","Not in Mindbody",IF(E44=F44,"Match",IF(E44>F44,"Physical higher","Mindbody higher")))) -> Not in Mindbody | I44: Jiu Jitsu Uniforms exist in Bedaya Mindbody, not set up at Promenade
A45: (no Mindbody product) | C45: Jiu Jitsu Uniform (Elite Logo) | D45: A3 - Gray/Blue | E45: =SUMPRODUCT((Promenade!$A$2:$A$200="Promenade")*(Promenade!$B$2:$B$200="Jiu Jitsu Uniform (Elite Logo)")*(Promenade!$D$2:$D$200="A3 - Gray/Blue"),Promenade!$E$2:$E$200) -> 1 | G45: =IF(OR(E45="",F45=""),"",E45-F45) | H45: =IF(E45="","Not counted",IF(F45="","Not in Mindbody",IF(E45=F45,"Match",IF(E45>F45,"Physical higher","Mindbody higher")))) -> Not in Mindbody | I45: Jiu Jitsu Uniforms exist in Bedaya Mindbody, not set up at Promenade
A46: (no Mindbody product) | C46: Systema T-shirt (Black) | D46: L | E46: =SUMPRODUCT((Promenade!$A$2:$A$200="Promenade")*(Promenade!$B$2:$B$200="Systema T-shirt (Black)")*(Promenade!$D$2:$D$200="L"),Promenade!$E$2:$E$200) -> 5 | G46: =IF(OR(E46="",F46=""),"",E46-F46) | H46: =IF(E46="","Not counted",IF(F46="","Not in Mindbody",IF(E46=F46,"Match",IF(E46>F46,"Physical higher","Mindbody higher")))) -> Not in Mindbody | I46: Systema Shirt exists in Bedaya Mindbody, not set up at Promenade
A47: (no Mindbody product) | C47: Systema T-shirt (Black) | D47: M | E47: =SUMPRODUCT((Promenade!$A$2:$A$200="Promenade")*(Promenade!$B$2:$B$200="Systema T-shirt (Black)")*(Promenade!$D$2:$D$200="M"),Promenade!$E$2:$E$200) -> 2 | G47: =IF(OR(E47="",F47=""),"",E47-F47) | H47: =IF(E47="","Not counted",IF(F47="","Not in Mindbody",IF(E47=F47,"Match",IF(E47>F47,"Physical higher","Mindbody higher")))) -> Not in Mindbody | I47: Systema Shirt exists in Bedaya Mindbody, not set up at Promenade
A48: (no Mindbody product) | C48: Systema T-shirt (Black) | D48: S | E48: =SUMPRODUCT((Promenade!$A$2:$A$200="Promenade")*(Promenade!$B$2:$B$200="Systema T-shirt (Black)")*(Promenade!$D$2:$D$200="S"),Promenade!$E$2:$E$200) -> 15 | G48: =IF(OR(E48="",F48=""),"",E48-F48) | H48: =IF(E48="","Not counted",IF(F48="","Not in Mindbody",IF(E48=F48,"Match",IF(E48>F48,"Physical higher","Mindbody higher")))) -> Not in Mindbody | I48: Systema Shirt exists in Bedaya Mindbody, not set up at Promenade
A49: (no Mindbody product) | C49: Systema T-shirt (Black) | D49: 40 | E49: =SUMPRODUCT((Promenade!$A$2:$A$200="Promenade")*(Promenade!$B$2:$B$200="Systema T-shirt (Black)")*(Promenade!$D$2:$D$200="40"),Promenade!$E$2:$E$200) -> 6 | G49: =IF(OR(E49="",F49=""),"",E49-F49) | H49: =IF(E49="","Not counted",IF(F49="","Not in Mindbody",IF(E49=F49,"Match",IF(E49>F49,"Physical higher","Mindbody higher")))) -> Not in Mindbody | I49: Systema Shirt exists in Bedaya Mindbody, not set up at Promenade
A50: (no Mindbody product) | C50: Systema T-shirt (Black) | D50: 38 | E50: =SUMPRODUCT((Promenade!$A$2:$A$200="Promenade")*(Promenade!$B$2:$B$200="Systema T-shirt (Black)")*(Promenade!$D$2:$D$200="38"),Promenade!$E$2:$E$200) -> 19 | G50: =IF(OR(E50="",F50=""),"",E50-F50) | H50: =IF(E50="","Not counted",IF(F50="","Not in Mindbody",IF(E50=F50,"Match",IF(E50>F50,"Physical higher","Mindbody higher")))) -> Not in Mindbody | I50: Systema Shirt exists in Bedaya Mindbody, not set up at Promenade
A51: (no Mindbody product) | C51: Systema T-shirt (Black) | D51: 36 | E51: =SUMPRODUCT((Promenade!$A$2:$A$200="Promenade")*(Promenade!$B$2:$B$200="Systema T-shirt (Black)")*(Promenade!$D$2:$D$200="36"),Promenade!$E$2:$E$200) -> 20 | G51: =IF(OR(E51="",F51=""),"",E51-F51) | H51: =IF(E51="","Not counted",IF(F51="","Not in Mindbody",IF(E51=F51,"Match",IF(E51>F51,"Physical higher","Mindbody higher")))) -> Not in Mindbody | I51: Systema Shirt exists in Bedaya Mindbody, not set up at Promenade
A52: (no Mindbody product) | C52: Systema T-shirt (Gray) | D52: 3XL | E52: =SUMPRODUCT((Promenade!$A$2:$A$200="Promenade")*(Promenade!$B$2:$B$200="Systema T-shirt (Gray)")*(Promenade!$D$2:$D$200="3XL"),Promenade!$E$2:$E$200) -> 2 | G52: =IF(OR(E52="",F52=""),"",E52-F52) | H52: =IF(E52="","Not counted",IF(F52="","Not in Mindbody",IF(E52=F52,"Match",IF(E52>F52,"Physical higher","Mindbody higher")))) -> Not in Mindbody | I52: Systema Shirt exists in Bedaya Mindbody, not set up at Promenade
A53: (no Mindbody product) | C53: Systema T-shirt (Gray) | D53: XXL | E53: =SUMPRODUCT((Promenade!$A$2:$A$200="Promenade")*(Promenade!$B$2:$B$200="Systema T-shirt (Gray)")*(Promenade!$D$2:$D$200="XXL"),Promenade!$E$2:$E$200) -> 3 | G53: =IF(OR(E53="",F53=""),"",E53-F53) | H53: =IF(E53="","Not counted",IF(F53="","Not in Mindbody",IF(E53=F53,"Match",IF(E53>F53,"Physical higher","Mindbody higher")))) -> Not in Mindbody | I53: Systema Shirt exists in Bedaya Mindbody, not set up at Promenade
A54: (no Mindbody product) | C54: Systema T-shirt (Gray) | D54: XL | E54: =SUMPRODUCT((Promenade!$A$2:$A$200="Promenade")*(Promenade!$B$2:$B$200="Systema T-shirt (Gray)")*(Promenade!$D$2:$D$200="XL"),Promenade!$E$2:$E$200) -> 8 | G54: =IF(OR(E54="",F54=""),"",E54-F54) | H54: =IF(E54="","Not counted",IF(F54="","Not in Mindbody",IF(E54=F54,"Match",IF(E54>F54,"Physical higher","Mindbody higher")))) -> Not in Mindbody | I54: Systema Shirt exists in Bedaya Mindbody, not set up at Promenade
A55: (no Mindbody product) | C55: Systema T-shirt (Gray) | D55: L | E55: =SUMPRODUCT((Promenade!$A$2:$A$200="Promenade")*(Promenade!$B$2:$B$200="Systema T-shirt (Gray)")*(Promenade!$D$2:$D$200="L"),Promenade!$E$2:$E$200) -> 2 | G55: =IF(OR(E55="",F55=""),"",E55-F55) | H55: =IF(E55="","Not counted",IF(F55="","Not in Mindbody",IF(E55=F55,"Match",IF(E55>F55,"Physical higher","Mindbody higher")))) -> Not in Mindbody | I55: Systema Shirt exists in Bedaya Mindbody, not set up at Promenade
A56: (no Mindbody product) | C56: Systema T-shirt (Gray) | D56: M | E56: =SUMPRODUCT((Promenade!$A$2:$A$200="Promenade")*(Promenade!$B$2:$B$200="Systema T-shirt (Gray)")*(Promenade!$D$2:$D$200="M"),Promenade!$E$2:$E$200) -> 2 | G56: =IF(OR(E56="",F56=""),"",E56-F56) | H56: =IF(E56="","Not counted",IF(F56="","Not in Mindbody",IF(E56=F56,"Match",IF(E56>F56,"Physical higher","Mindbody higher")))) -> Not in Mindbody | I56: Systema Shirt exists in Bedaya Mindbody, not set up at Promenade
A57: (no Mindbody product) | C57: Systema T-shirt (Gray) | D57: S | G57: =IF(OR(E57="",F57=""),"",E57-F57) | H57: =IF(E57="","Not counted",IF(F57="","Not in Mindbody",IF(E57=F57,"Match",IF(E57>F57,"Physical higher","Mindbody higher")))) -> Not counted | I57: Systema Shirt exists in Bedaya Mindbody, not set up at Promenade | Quantity not written
A58: (no Mindbody product) | C58: Elite T-shirt with Logo (Old) | D58: XL / Black | E58: =SUMPRODUCT((Promenade!$A$2:$A$200="Promenade")*(Promenade!$B$2:$B$200="Elite T-shirt with Logo (Old)")*(Promenade!$D$2:$D$200="XL / Black"),Promenade!$E$2:$E$200) -> 2 | G58: =IF(OR(E58="",F58=""),"",E58-F58) | H58: =IF(E58="","Not counted",IF(F58="","Not in Mindbody",IF(E58=F58,"Match",IF(E58>F58,"Physical higher","Mindbody higher")))) -> Not in Mindbody | I58: Not listed in Mindbody Promenade
A59: (no Mindbody product) | C59: Elite T-shirt with Logo (Old) | D59: M / Black | E59: =SUMPRODUCT((Promenade!$A$2:$A$200="Promenade")*(Promenade!$B$2:$B$200="Elite T-shirt with Logo (Old)")*(Promenade!$D$2:$D$200="M / Black"),Promenade!$E$2:$E$200) -> 1 | G59: =IF(OR(E59="",F59=""),"",E59-F59) | H59: =IF(E59="","Not counted",IF(F59="","Not in Mindbody",IF(E59=F59,"Match",IF(E59>F59,"Physical higher","Mindbody higher")))) -> Not in Mindbody | I59: Not listed in Mindbody Promenade
A60: (no Mindbody product) | C60: Elite T-shirt with Logo (Old) | D60: S / Black | E60: =SUMPRODUCT((Promenade!$A$2:$A$200="Promenade")*(Promenade!$B$2:$B$200="Elite T-shirt with Logo (Old)")*(Promenade!$D$2:$D$200="S / Black"),Promenade!$E$2:$E$200) -> 2 | G60: =IF(OR(E60="",F60=""),"",E60-F60) | H60: =IF(E60="","Not counted",IF(F60="","Not in Mindbody",IF(E60=F60,"Match",IF(E60>F60,"Physical higher","Mindbody higher")))) -> Not in Mindbody | I60: Not listed in Mindbody Promenade
A61: (no Mindbody product) | C61: Elite T-shirt with Logo (Old) | D61: XS / Black | E61: =SUMPRODUCT((Promenade!$A$2:$A$200="Promenade")*(Promenade!$B$2:$B$200="Elite T-shirt with Logo (Old)")*(Promenade!$D$2:$D$200="XS / Black"),Promenade!$E$2:$E$200) -> 1 | G61: =IF(OR(E61="",F61=""),"",E61-F61) | H61: =IF(E61="","Not counted",IF(F61="","Not in Mindbody",IF(E61=F61,"Match",IF(E61>F61,"Physical higher","Mindbody higher")))) -> Not in Mindbody | I61: Not listed in Mindbody Promenade
A62: (no Mindbody product) | C62: Elite T-shirt with Logo (Old) | D62: L / White | E62: =SUMPRODUCT((Promenade!$A$2:$A$200="Promenade")*(Promenade!$B$2:$B$200="Elite T-shirt with Logo (Old)")*(Promenade!$D$2:$D$200="L / White"),Promenade!$E$2:$E$200) -> 1 | G62: =IF(OR(E62="",F62=""),"",E62-F62) | H62: =IF(E62="","Not counted",IF(F62="","Not in Mindbody",IF(E62=F62,"Match",IF(E62>F62,"Physical higher","Mindbody higher")))) -> Not in Mindbody | I62: Not listed in Mindbody Promenade
A63: (no Mindbody product) | C63: Elite T-shirt with Logo (Old) | D63: XS / White | E63: =SUMPRODUCT((Promenade!$A$2:$A$200="Promenade")*(Promenade!$B$2:$B$200="Elite T-shirt with Logo (Old)")*(Promenade!$D$2:$D$200="XS / White"),Promenade!$E$2:$E$200) -> 2 | G63: =IF(OR(E63="",F63=""),"",E63-F63) | H63: =IF(E63="","Not counted",IF(F63="","Not in Mindbody",IF(E63=F63,"Match",IF(E63>F63,"Physical higher","Mindbody higher")))) -> Not in Mindbody | I63: Not listed in Mindbody Promenade
A64: (no Mindbody product) | C64: Kajukimbo Uniform (With Logo, No Patches) | D64: 110cm | E64: =SUMPRODUCT((Promenade!$A$2:$A$200="Promenade")*(Promenade!$B$2:$B$200="Kajukimbo Uniform (With Logo, No Patches)")*(Promenade!$D$2:$D$200="110cm"),Promenade!$E$2:$E$200) -> 1 | G64: =IF(OR(E64="",F64=""),"",E64-F64) | H64: =IF(E64="","Not counted",IF(F64="","Not in Mindbody",IF(E64=F64,"Match",IF(E64>F64,"Physical higher","Mindbody higher")))) -> Not in Mindbody | I64: Kajukenbo Uniform w/ Patches exists in Bedaya Mindbody, not set up at Promenade
A65: (no Mindbody product) | C65: Kajukimbo Uniform (With Logo, No Patches) | D65: 100cm | E65: =SUMPRODUCT((Promenade!$A$2:$A$200="Promenade")*(Promenade!$B$2:$B$200="Kajukimbo Uniform (With Logo, No Patches)")*(Promenade!$D$2:$D$200="100cm"),Promenade!$E$2:$E$200) -> 9 | G65: =IF(OR(E65="",F65=""),"",E65-F65) | H65: =IF(E65="","Not counted",IF(F65="","Not in Mindbody",IF(E65=F65,"Match",IF(E65>F65,"Physical higher","Mindbody higher")))) -> Not in Mindbody | I65: Kajukenbo Uniform w/ Patches exists in Bedaya Mindbody, not set up at Promenade
A66: (no Mindbody product) | C66: Backpack with Elite Logo | D66: - | E66: =SUMPRODUCT((Promenade!$A$2:$A$200="Promenade")*(Promenade!$B$2:$B$200="Backpack with Elite Logo")*(Promenade!$D$2:$D$200="-"),Promenade!$E$2:$E$200) -> 26 | G66: =IF(OR(E66="",F66=""),"",E66-F66) | H66: =IF(E66="","Not counted",IF(F66="","Not in Mindbody",IF(E66=F66,"Match",IF(E66>F66,"Physical higher","Mindbody higher")))) -> Not in Mindbody | I66: Elite Bag exists in Bedaya Mindbody, not set up at Promenade
A67: (no Mindbody product) | C67: Pants (Small) | D67: 120cm | E67: =SUMPRODUCT((Promenade!$A$2:$A$200="Promenade")*(Promenade!$B$2:$B$200="Pants (Small)")*(Promenade!$D$2:$D$200="120cm"),Promenade!$E$2:$E$200) -> 4 | G67: =IF(OR(E67="",F67=""),"",E67-F67) | H67: =IF(E67="","Not counted",IF(F67="","Not in Mindbody",IF(E67=F67,"Match",IF(E67>F67,"Physical higher","Mindbody higher")))) -> Not in Mindbody | I67: Not listed in Mindbody Promenade
A68: (no Mindbody product) | C68: Pants (Small) | D68: 110cm | E68: =SUMPRODUCT((Promenade!$A$2:$A$200="Promenade")*(Promenade!$B$2:$B$200="Pants (Small)")*(Promenade!$D$2:$D$200="110cm"),Promenade!$E$2:$E$200) -> 22 | G68: =IF(OR(E68="",F68=""),"",E68-F68) | H68: =IF(E68="","Not counted",IF(F68="","Not in Mindbody",IF(E68=F68,"Match",IF(E68>F68,"Physical higher","Mindbody higher")))) -> Not in Mindbody | I68: Not listed in Mindbody Promenade
A69: (no Mindbody product) | C69: Pants (Small) | D69: 160cm | E69: =SUMPRODUCT((Promenade!$A$2:$A$200="Promenade")*(Promenade!$B$2:$B$200="Pants (Small)")*(Promenade!$D$2:$D$200="160cm"),Promenade!$E$2:$E$200) -> 45 | G69: =IF(OR(E69="",F69=""),"",E69-F69) | H69: =IF(E69="","Not counted",IF(F69="","Not in Mindbody",IF(E69=F69,"Match",IF(E69>F69,"Physical higher","Mindbody higher")))) -> Not in Mindbody | I69: Not listed in Mindbody Promenade
A70: (no Mindbody product) | C70: Damaged Items (item not specified) | D70: 110cm | E70: =SUMPRODUCT((Promenade!$A$2:$A$200="Promenade")*(Promenade!$B$2:$B$200="Damaged Items (item not specified)")*(Promenade!$D$2:$D$200="110cm"),Promenade!$E$2:$E$200) -> 1 | G70: =IF(OR(E70="",F70=""),"",E70-F70) | H70: =IF(E70="","Not counted",IF(F70="","Not in Mindbody",IF(E70=F70,"Match",IF(E70>F70,"Physical higher","Mindbody higher")))) -> Not in Mindbody | I70: Not listed in Mindbody Promenade
A71: (no Mindbody product) | C71: Damaged Items (item not specified) | D71: 120cm | E71: =SUMPRODUCT((Promenade!$A$2:$A$200="Promenade")*(Promenade!$B$2:$B$200="Damaged Items (item not specified)")*(Promenade!$D$2:$D$200="120cm"),Promenade!$E$2:$E$200) -> 1 | G71: =IF(OR(E71="",F71=""),"",E71-F71) | H71: =IF(E71="","Not counted",IF(F71="","Not in Mindbody",IF(E71=F71,"Match",IF(E71>F71,"Physical higher","Mindbody higher")))) -> Not in Mindbody | I71: Not listed in Mindbody Promenade
A72: (no Mindbody product) | C72: Supporter | D72: XXL | E72: =SUMPRODUCT((Promenade!$A$2:$A$200="Promenade")*(Promenade!$B$2:$B$200="Supporter")*(Promenade!$D$2:$D$200="XXL"),Promenade!$E$2:$E$200) -> 3 | G72: =IF(OR(E72="",F72=""),"",E72-F72) | H72: =IF(E72="","Not counted",IF(F72="","Not in Mindbody",IF(E72=F72,"Match",IF(E72>F72,"Physical higher","Mindbody higher")))) -> Not in Mindbody | I72: No supporter product in Mindbody
A73: (no Mindbody product) | C73: Karate Gloves (Blue) | D73: XL | E73: =SUMPRODUCT((Promenade!$A$2:$A$200="Promenade")*(Promenade!$B$2:$B$200="Karate Gloves (Blue)")*(Promenade!$D$2:$D$200="XL"),Promenade!$E$2:$E$200) -> 1 | G73: =IF(OR(E73="",F73=""),"",E73-F73) | H73: =IF(E73="","Not counted",IF(F73="","Not in Mindbody",IF(E73=F73,"Match",IF(E73>F73,"Physical higher","Mindbody higher")))) -> Not in Mindbody | I73: Not listed in Mindbody Promenade
A74: (no Mindbody product) | C74: Karate Gloves (Blue) | D74: M | E74: =SUMPRODUCT((Promenade!$A$2:$A$200="Promenade")*(Promenade!$B$2:$B$200="Karate Gloves (Blue)")*(Promenade!$D$2:$D$200="M"),Promenade!$E$2:$E$200) -> 2 | G74: =IF(OR(E74="",F74=""),"",E74-F74) | H74: =IF(E74="","Not counted",IF(F74="","Not in Mindbody",IF(E74=F74,"Match",IF(E74>F74,"Physical higher","Mindbody higher")))) -> Not in Mindbody | I74: Not listed in Mindbody Promenade
A75: (no Mindbody product) | C75: Karate Gloves (Blue) | D75: S | E75: =SUMPRODUCT((Promenade!$A$2:$A$200="Promenade")*(Promenade!$B$2:$B$200="Karate Gloves (Blue)")*(Promenade!$D$2:$D$200="S"),Promenade!$E$2:$E$200) -> 2 | G75: =IF(OR(E75="",F75=""),"",E75-F75) | H75: =IF(E75="","Not counted",IF(F75="","Not in Mindbody",IF(E75=F75,"Match",IF(E75>F75,"Physical higher","Mindbody higher")))) -> Not in Mindbody | I75: Not listed in Mindbody Promenade
A76: (no Mindbody product) | C76: Karate Gloves (Blue) | D76: L | G76: =IF(OR(E76="",F76=""),"",E76-F76) | H76: =IF(E76="","Not counted",IF(F76="","Not in Mindbody",IF(E76=F76,"Match",IF(E76>F76,"Physical higher","Mindbody higher")))) -> Not counted | I76: Not listed in Mindbody Promenade | Quantity not written
A77: (no Mindbody product) | C77: Bottle Water | D77: Orange | E77: =SUMPRODUCT((Promenade!$A$2:$A$200="Promenade")*(Promenade!$B$2:$B$200="Bottle Water")*(Promenade!$D$2:$D$200="Orange"),Promenade!$E$2:$E$200) -> 26 | G77: =IF(OR(E77="",F77=""),"",E77-F77) | H77: =IF(E77="","Not counted",IF(F77="","Not in Mindbody",IF(E77=F77,"Match",IF(E77>F77,"Physical higher","Mindbody higher")))) -> Not in Mindbody | I77: Bottle Water exists in Bedaya Mindbody, not set up at Promenade
A78: (no Mindbody product) | C78: Bottle Water | D78: White | E78: =SUMPRODUCT((Promenade!$A$2:$A$200="Promenade")*(Promenade!$B$2:$B$200="Bottle Water")*(Promenade!$D$2:$D$200="White"),Promenade!$E$2:$E$200) -> 14 | G78: =IF(OR(E78="",F78=""),"",E78-F78) | H78: =IF(E78="","Not counted",IF(F78="","Not in Mindbody",IF(E78=F78,"Match",IF(E78>F78,"Physical higher","Mindbody higher")))) -> Not in Mindbody | I78: Bottle Water exists in Bedaya Mindbody, not set up at Promenade
A79: (no Mindbody product) | C79: Karate Uniform (No Logo) | D79: 140cm | E79: =SUMPRODUCT(('Old Stock - No Logo'!$A$2:$A$200="Promenade")*('Old Stock - No Logo'!$B$2:$B$200="Karate Uniform (No Logo)")*('Old Stock - No Logo'!$D$2:$D$200="140cm"),'Old Stock - No Logo'!$E$2:$E$200) -> 13 | G79: =IF(OR(E79="",F79=""),"",E79-F79) | H79: =IF(E79="","Not counted",IF(F79="","Not in Mindbody",IF(E79=F79,"Match",IF(E79>F79,"Physical higher","Mindbody higher")))) -> Not in Mindbody | I79: Old / no-logo stock - not listed in Mindbody Promenade
A80: (no Mindbody product) | C80: Karate Uniform (No Logo) | D80: 130cm | E80: =SUMPRODUCT(('Old Stock - No Logo'!$A$2:$A$200="Promenade")*('Old Stock - No Logo'!$B$2:$B$200="Karate Uniform (No Logo)")*('Old Stock - No Logo'!$D$2:$D$200="130cm"),'Old Stock - No Logo'!$E$2:$E$200) -> 18 | G80: =IF(OR(E80="",F80=""),"",E80-F80) | H80: =IF(E80="","Not counted",IF(F80="","Not in Mindbody",IF(E80=F80,"Match",IF(E80>F80,"Physical higher","Mindbody higher")))) -> Not in Mindbody | I80: Old / no-logo stock - not listed in Mindbody Promenade
A81: (no Mindbody product) | C81: Karate Uniform (No Logo) | D81: 120cm | E81: =SUMPRODUCT(('Old Stock - No Logo'!$A$2:$A$200="Promenade")*('Old Stock - No Logo'!$B$2:$B$200="Karate Uniform (No Logo)")*('Old Stock - No Logo'!$D$2:$D$200="120cm"),'Old Stock - No Logo'!$E$2:$E$200) -> 31 | G81: =IF(OR(E81="",F81=""),"",E81-F81) | H81: =IF(E81="","Not counted",IF(F81="","Not in Mindbody",IF(E81=F81,"Match",IF(E81>F81,"Physical higher","Mindbody higher")))) -> Not in Mindbody | I81: Old / no-logo stock - not listed in Mindbody Promenade
A82: (no Mindbody product) | C82: Karate Uniform (No Logo) | D82: 100cm | E82: =SUMPRODUCT(('Old Stock - No Logo'!$A$2:$A$200="Promenade")*('Old Stock - No Logo'!$B$2:$B$200="Karate Uniform (No Logo)")*('Old Stock - No Logo'!$D$2:$D$200="100cm"),'Old Stock - No Logo'!$E$2:$E$200) -> 34 | G82: =IF(OR(E82="",F82=""),"",E82-F82) | H82: =IF(E82="","Not counted",IF(F82="","Not in Mindbody",IF(E82=F82,"Match",IF(E82>F82,"Physical higher","Mindbody higher")))) -> Not in Mindbody | I82: Old / no-logo stock - not listed in Mindbody Promenade
A83: (no Mindbody product) | C83: Karate Uniform (No Logo) | D83: 110cm | E83: =SUMPRODUCT(('Old Stock - No Logo'!$A$2:$A$200="Promenade")*('Old Stock - No Logo'!$B$2:$B$200="Karate Uniform (No Logo)")*('Old Stock - No Logo'!$D$2:$D$200="110cm"),'Old Stock - No Logo'!$E$2:$E$200) -> 86 | G83: =IF(OR(E83="",F83=""),"",E83-F83) | H83: =IF(E83="","Not counted",IF(F83="","Not in Mindbody",IF(E83=F83,"Match",IF(E83>F83,"Physical higher","Mindbody higher")))) -> Not in Mindbody | I83: Old / no-logo stock - not listed in Mindbody Promenade
A84: (no Mindbody product) | C84: Karate Uniform (No Logo) | D84: 190cm | E84: =SUMPRODUCT(('Old Stock - No Logo'!$A$2:$A$200="Promenade")*('Old Stock - No Logo'!$B$2:$B$200="Karate Uniform (No Logo)")*('Old Stock - No Logo'!$D$2:$D$200="190cm"),'Old Stock - No Logo'!$E$2:$E$200) -> 1 | G84: =IF(OR(E84="",F84=""),"",E84-F84) | H84: =IF(E84="","Not counted",IF(F84="","Not in Mindbody",IF(E84=F84,"Match",IF(E84>F84,"Physical higher","Mindbody higher")))) -> Not in Mindbody | I84: Old / no-logo stock - not listed in Mindbody Promenade
A85: (no Mindbody product) | C85: Taekwondo Uniform (Old) | D85: 110cm | E85: =SUMPRODUCT(('Old Stock - No Logo'!$A$2:$A$200="Promenade")*('Old Stock - No Logo'!$B$2:$B$200="Taekwondo Uniform (Old)")*('Old Stock - No Logo'!$D$2:$D$200="110cm"),'Old Stock - No Logo'!$E$2:$E$200) -> 1 | G85: =IF(OR(E85="",F85=""),"",E85-F85) | H85: =IF(E85="","Not counted",IF(F85="","Not in Mindbody",IF(E85=F85,"Match",IF(E85>F85,"Physical higher","Mindbody higher")))) -> Not in Mindbody | I85: Old / no-logo stock - not listed in Mindbody Promenade
A86: (no Mindbody product) | C86: Kajukimbo Uniform (No Logo) | D86: 110cm | E86: =SUMPRODUCT(('Old Stock - No Logo'!$A$2:$A$200="Promenade")*('Old Stock - No Logo'!$B$2:$B$200="Kajukimbo Uniform (No Logo)")*('Old Stock - No Logo'!$D$2:$D$200="110cm"),'Old Stock - No Logo'!$E$2:$E$200) -> 20 | G86: =IF(OR(E86="",F86=""),"",E86-F86) | H86: =IF(E86="","Not counted",IF(F86="","Not in Mindbody",IF(E86=F86,"Match",IF(E86>F86,"Physical higher","Mindbody higher")))) -> Not in Mindbody | I86: Old / no-logo stock - not listed in Mindbody Promenade
A87: (no Mindbody product) | C87: Kajukimbo Uniform (No Logo) | D87: 120cm | E87: =SUMPRODUCT(('Old Stock - No Logo'!$A$2:$A$200="Promenade")*('Old Stock - No Logo'!$B$2:$B$200="Kajukimbo Uniform (No Logo)")*('Old Stock - No Logo'!$D$2:$D$200="120cm"),'Old Stock - No Logo'!$E$2:$E$200) -> 1 | G87: =IF(OR(E87="",F87=""),"",E87-F87) | H87: =IF(E87="","Not counted",IF(F87="","Not in Mindbody",IF(E87=F87,"Match",IF(E87>F87,"Physical higher","Mindbody higher")))) -> Not in Mindbody | I87: Old / no-logo stock - not listed in Mindbody Promenade
A88: (no Mindbody product) | C88: Backpack (No Logo) | D88: - | E88: =SUMPRODUCT(('Old Stock - No Logo'!$A$2:$A$200="Promenade")*('Old Stock - No Logo'!$B$2:$B$200="Backpack (No Logo)")*('Old Stock - No Logo'!$D$2:$D$200="-"),'Old Stock - No Logo'!$E$2:$E$200) -> 4 | G88: =IF(OR(E88="",F88=""),"",E88-F88) | H88: =IF(E88="","Not counted",IF(F88="","Not in Mindbody",IF(E88=F88,"Match",IF(E88>F88,"Physical higher","Mindbody higher")))) -> Not in Mindbody | I88: Old / no-logo stock - not listed in Mindbody Promenade
A89: (no Mindbody product) | C89: Judo Uniform (No Logo) | D89: 110cm | E89: =SUMPRODUCT(('No Program'!$A$2:$A$200="Promenade")*('No Program'!$B$2:$B$200="Judo Uniform (No Logo)")*('No Program'!$D$2:$D$200="110cm"),'No Program'!$E$2:$E$200) -> 29 | G89: =IF(OR(E89="",F89=""),"",E89-F89) | H89: =IF(E89="","Not counted",IF(F89="","Not in Mindbody",IF(E89=F89,"Match",IF(E89>F89,"Physical higher","Mindbody higher")))) -> Not in Mindbody | I89: Judo (No Program) - not listed in Mindbody Promenade
A90: (no Mindbody product) | C90: Judo Uniform (No Logo) | D90: 100cm | E90: =SUMPRODUCT(('No Program'!$A$2:$A$200="Promenade")*('No Program'!$B$2:$B$200="Judo Uniform (No Logo)")*('No Program'!$D$2:$D$200="100cm"),'No Program'!$E$2:$E$200) -> 3 | G90: =IF(OR(E90="",F90=""),"",E90-F90) | H90: =IF(E90="","Not counted",IF(F90="","Not in Mindbody",IF(E90=F90,"Match",IF(E90>F90,"Physical higher","Mindbody higher")))) -> Not in Mindbody | I90: Judo (No Program) - not listed in Mindbody Promenade
A91: (no Mindbody product) | C91: Judo Uniform (No Logo) | D91: 130cm | G91: =IF(OR(E91="",F91=""),"",E91-F91) | H91: =IF(E91="","Not counted",IF(F91="","Not in Mindbody",IF(E91=F91,"Match",IF(E91>F91,"Physical higher","Mindbody higher")))) -> Not counted | I91: Judo (No Program) - not listed in Mindbody Promenade | Quantity not written
A92: (no Mindbody product) | C92: Judo Uniform (No Logo) | D92: 120cm | E92: =SUMPRODUCT(('No Program'!$A$2:$A$200="Promenade")*('No Program'!$B$2:$B$200="Judo Uniform (No Logo)")*('No Program'!$D$2:$D$200="120cm"),'No Program'!$E$2:$E$200) -> 28 | G92: =IF(OR(E92="",F92=""),"",E92-F92) | H92: =IF(E92="","Not counted",IF(F92="","Not in Mindbody",IF(E92=F92,"Match",IF(E92>F92,"Physical higher","Mindbody higher")))) -> Not in Mindbody | I92: Judo (No Program) - not listed in Mindbody Promenade
A93: (no Mindbody product) | C93: Judo Uniform (No Logo) | D93: 140cm | E93: =SUMPRODUCT(('No Program'!$A$2:$A$200="Promenade")*('No Program'!$B$2:$B$200="Judo Uniform (No Logo)")*('No Program'!$D$2:$D$200="140cm"),'No Program'!$E$2:$E$200) -> 10 | G93: =IF(OR(E93="",F93=""),"",E93-F93) | H93: =IF(E93="","Not counted",IF(F93="","Not in Mindbody",IF(E93=F93,"Match",IF(E93>F93,"Physical higher","Mindbody higher")))) -> Not in Mindbody | I93: Judo (No Program) - not listed in Mindbody Promenade
A94: (no Mindbody product) | C94: Judo Uniform (No Logo) | D94: 150cm | E94: =SUMPRODUCT(('No Program'!$A$2:$A$200="Promenade")*('No Program'!$B$2:$B$200="Judo Uniform (No Logo)")*('No Program'!$D$2:$D$200="150cm"),'No Program'!$E$2:$E$200) -> 1 | G94: =IF(OR(E94="",F94=""),"",E94-F94) | H94: =IF(E94="","Not counted",IF(F94="","Not in Mindbody",IF(E94=F94,"Match",IF(E94>F94,"Physical higher","Mindbody higher")))) -> Not in Mindbody | I94: Judo (No Program) - not listed in Mindbody Promenade
A95: (no Mindbody product) | C95: Judo Uniform (With Logo) | D95: 110cm | E95: =SUMPRODUCT(('No Program'!$A$2:$A$200="Promenade")*('No Program'!$B$2:$B$200="Judo Uniform (With Logo)")*('No Program'!$D$2:$D$200="110cm"),'No Program'!$E$2:$E$200) -> 9 | G95: =IF(OR(E95="",F95=""),"",E95-F95) | H95: =IF(E95="","Not counted",IF(F95="","Not in Mindbody",IF(E95=F95,"Match",IF(E95>F95,"Physical higher","Mindbody higher")))) -> Not in Mindbody | I95: Judo (No Program) - not listed in Mindbody Promenade
A96: (no Mindbody product) | C96: Judo Uniform (With Logo) | D96: 100cm | G96: =IF(OR(E96="",F96=""),"",E96-F96) | H96: =IF(E96="","Not counted",IF(F96="","Not in Mindbody",IF(E96=F96,"Match",IF(E96>F96,"Physical higher","Mindbody higher")))) -> Not counted | I96: Judo (No Program) - not listed in Mindbody Promenade | Quantity not written
A97: (no Mindbody product) | C97: Judo Uniform (With Logo) | D97: 120cm | E97: =SUMPRODUCT(('No Program'!$A$2:$A$200="Promenade")*('No Program'!$B$2:$B$200="Judo Uniform (With Logo)")*('No Program'!$D$2:$D$200="120cm"),'No Program'!$E$2:$E$200) -> 6 | G97: =IF(OR(E97="",F97=""),"",E97-F97) | H97: =IF(E97="","Not counted",IF(F97="","Not in Mindbody",IF(E97=F97,"Match",IF(E97>F97,"Physical higher","Mindbody higher")))) -> Not in Mindbody | I97: Judo (No Program) - not listed in Mindbody Promenade
A98: (no Mindbody product) | C98: Judo Uniform (With Logo) | D98: 140cm | E98: =SUMPRODUCT(('No Program'!$A$2:$A$200="Promenade")*('No Program'!$B$2:$B$200="Judo Uniform (With Logo)")*('No Program'!$D$2:$D$200="140cm"),'No Program'!$E$2:$E$200) -> 5 | G98: =IF(OR(E98="",F98=""),"",E98-F98) | H98: =IF(E98="","Not counted",IF(F98="","Not in Mindbody",IF(E98=F98,"Match",IF(E98>F98,"Physical higher","Mindbody higher")))) -> Not in Mindbody | I98: Judo (No Program) - not listed in Mindbody Promenade
A99: (no Mindbody product) | C99: Judo Uniform (With Logo) | D99: 130cm | E99: =SUMPRODUCT(('No Program'!$A$2:$A$200="Promenade")*('No Program'!$B$2:$B$200="Judo Uniform (With Logo)")*('No Program'!$D$2:$D$200="130cm"),'No Program'!$E$2:$E$200) -> 6 | G99: =IF(OR(E99="",F99=""),"",E99-F99) | H99: =IF(E99="","Not counted",IF(F99="","Not in Mindbody",IF(E99=F99,"Match",IF(E99>F99,"Physical higher","Mindbody higher")))) -> Not in Mindbody | I99: Judo (No Program) - not listed in Mindbody Promenade

Sheet Promenade Variances
A1: Promenade - items that do not match Mindbody (20 Sep 2026 export)
A2: Rows link to the 'Promenade vs Mindbody' tab. Variance = physical - Mindbody. Sorted by status; sales after the count dates are not adjusted.
A4: Physical higher | C4: Mindbody higher | E4: Not in Mindbody | G4: Not counted
A5: =COUNTIF($A$8:$A$300,"Physical higher") -> 3 | C5: =COUNTIF($A$8:$A$300,"Mindbody higher") -> 0 | E5: =COUNTIF($A$8:$A$300,"Not in Mindbody") -> 70 | G5: =COUNTIF($A$8:$A$300,"Not counted") -> 6
A7: Status | B7: Mindbody product | C7: Mindbody size | D7: Counted item | E7: Counted size | F7: Physical count | G7: Mindbody qty | H7: Variance | I7: Comment
A8: =IF('Promenade vs Mindbody'!H16="","",'Promenade vs Mindbody'!H16) -> Physical higher | B8: =IF('Promenade vs Mindbody'!A16="","",'Promenade vs Mindbody'!A16) -> Elite Shirt (White) | C8: =IF('Promenade vs Mindbody'!B16="","",'Promenade vs Mindbody'!B16) -> 5 - 6 | D8: =IF('Promenade vs Mindbody'!C16="","",'Promenade vs Mindbody'!C16) -> White T-shirt (Elite) | E8: =IF('Promenade vs Mindbody'!D16="","",'Promenade vs Mindbody'!D16) -> 5/6 | F8: =IF('Promenade vs Mindbody'!E16="","",'Promenade vs Mindbody'!E16) -> 2 | G8: =IF('Promenade vs Mindbody'!F16="","",'Promenade vs Mindbody'!F16) -> 1 | H8: =IF('Promenade vs Mindbody'!G16="","",'Promenade vs Mindbody'!G16) -> 1 | I8: =IF('Promenade vs Mindbody'!I16="","",'Promenade vs Mindbody'!I16) -> 'From Argan (Old)' 5/6 (1) is listed separately and not included here
A9: =IF('Promenade vs Mindbody'!H18="","",'Promenade vs Mindbody'!H18) -> Physical higher | B9: =IF('Promenade vs Mindbody'!A18="","",'Promenade vs Mindbody'!A18) -> Elite Shirt (White) | C9: =IF('Promenade vs Mindbody'!B18="","",'Promenade vs Mindbody'!B18) -> 9 - 10 | D9: =IF('Promenade vs Mindbody'!C18="","",'Promenade vs Mindbody'!C18) -> White T-shirt (Elite) | E9: =IF('Promenade vs Mindbody'!D18="","",'Promenade vs Mindbody'!D18) -> 9/10 | F9: =IF('Promenade vs Mindbody'!E18="","",'Promenade vs Mindbody'!E18) -> 6 | G9: =IF('Promenade vs Mindbody'!F18="","",'Promenade vs Mindbody'!F18) -> 5 | H9: =IF('Promenade vs Mindbody'!G18="","",'Promenade vs Mindbody'!G18) -> 1 | I9: =IF('Promenade vs Mindbody'!I18="","",'Promenade vs Mindbody'!I18)
A10: =IF('Promenade vs Mindbody'!H21="","",'Promenade vs Mindbody'!H21) -> Physical higher | B10: =IF('Promenade vs Mindbody'!A21="","",'Promenade vs Mindbody'!A21) -> Shin Guard | C10: =IF('Promenade vs Mindbody'!B21="","",'Promenade vs Mindbody'!B21) -> Large | D10: =IF('Promenade vs Mindbody'!C21="","",'Promenade vs Mindbody'!C21) -> Shin Guard | E10: =IF('Promenade vs Mindbody'!D21="","",'Promenade vs Mindbody'!D21) -> L | F10: =IF('Promenade vs Mindbody'!E21="","",'Promenade vs Mindbody'!E21) -> 4 | G10: =IF('Promenade vs Mindbody'!F21="","",'Promenade vs Mindbody'!F21) -> 2 | H10: =IF('Promenade vs Mindbody'!G21="","",'Promenade vs Mindbody'!G21) -> 2 | I10: =IF('Promenade vs Mindbody'!I21="","",'Promenade vs Mindbody'!I21) -> Physical 4 = 2 counted (New items) + 2 transferred; Mindbody 2 = transfer only
A11: =IF('Promenade vs Mindbody'!H24="","",'Promenade vs Mindbody'!H24) -> Not in Mindbody | B11: =IF('Promenade vs Mindbody'!A24="","",'Promenade vs Mindbody'!A24) -> (no Mindbody product) | C11: =IF('Promenade vs Mindbody'!B24="","",'Promenade vs Mindbody'!B24) | D11: =IF('Promenade vs Mindbody'!C24="","",'Promenade vs Mindbody'!C24) -> Kajukimbo Patch - Shoulder | E11: =IF('Promenade vs Mindbody'!D24="","",'Promenade vs Mindbody'!D24) -> - | F11: =IF('Promenade vs Mindbody'!E24="","",'Promenade vs Mindbody'!E24) -> 6 | G11: =IF('Promenade vs Mindbody'!F24="","",'Promenade vs Mindbody'!F24) | H11: =IF('Promenade vs Mindbody'!G24="","",'Promenade vs Mindbody'!G24) | I11: =IF('Promenade vs Mindbody'!I24="","",'Promenade vs Mindbody'!I24) -> Kajukenbo Patch exists in Bedaya Mindbody, not set up at Promenade
A12: =IF('Promenade vs Mindbody'!H25="","",'Promenade vs Mindbody'!H25) -> Not in Mindbody | B12: =IF('Promenade vs Mindbody'!A25="","",'Promenade vs Mindbody'!A25) -> (no Mindbody product) | C12: =IF('Promenade vs Mindbody'!B25="","",'Promenade vs Mindbody'!B25) | D12: =IF('Promenade vs Mindbody'!C25="","",'Promenade vs Mindbody'!C25) -> Kajukimbo Patch - Circle (Front) | E12: =IF('Promenade vs Mindbody'!D25="","",'Promenade vs Mindbody'!D25) -> - | F12: =IF('Promenade vs Mindbody'!E25="","",'Promenade vs Mindbody'!E25) -> 6 | G12: =IF('Promenade vs Mindbody'!F25="","",'Promenade vs Mindbody'!F25) | H12: =IF('Promenade vs Mindbody'!G25="","",'Promenade vs Mindbody'!G25) | I12: =IF('Promenade vs Mindbody'!I25="","",'Promenade vs Mindbody'!I25) -> Kajukenbo Patch exists in Bedaya Mindbody, not set up at Promenade
A13: =IF('Promenade vs Mindbody'!H26="","",'Promenade vs Mindbody'!H26) -> Not in Mindbody | B13: =IF('Promenade vs Mindbody'!A26="","",'Promenade vs Mindbody'!A26) -> (no Mindbody product) | C13: =IF('Promenade vs Mindbody'!B26="","",'Promenade vs Mindbody'!B26) | D13: =IF('Promenade vs Mindbody'!C26="","",'Promenade vs Mindbody'!C26) -> White T-shirt (Elite) - From Argan (Old) | E13: =IF('Promenade vs Mindbody'!D26="","",'Promenade vs Mindbody'!D26) -> 13/14 | F13: =IF('Promenade vs Mindbody'!E26="","",'Promenade vs Mindbody'!E26) -> 1 | G13: =IF('Promenade vs Mindbody'!F26="","",'Promenade vs Mindbody'!F26) | H13: =IF('Promenade vs Mindbody'!G26="","",'Promenade vs Mindbody'!G26) | I13: =IF('Promenade vs Mindbody'!I26="","",'Promenade vs Mindbody'!I26) -> Not listed in Mindbody Promenade
A14: =IF('Promenade vs Mindbody'!H27="","",'Promenade vs Mindbody'!H27) -> Not in Mindbody | B14: =IF('Promenade vs Mindbody'!A27="","",'Promenade vs Mindbody'!A27) -> (no Mindbody product) | C14: =IF('Promenade vs Mindbody'!B27="","",'Promenade vs Mindbody'!B27) | D14: =IF('Promenade vs Mindbody'!C27="","",'Promenade vs Mindbody'!C27) -> White T-shirt (Elite) - From Argan (Old) | E14: =IF('Promenade vs Mindbody'!D27="","",'Promenade vs Mindbody'!D27) -> 11/12 | F14: =IF('Promenade vs Mindbody'!E27="","",'Promenade vs Mindbody'!E27) -> 2 | G14: =IF('Promenade vs Mindbody'!F27="","",'Promenade vs Mindbody'!F27) | H14: =IF('Promenade vs Mindbody'!G27="","",'Promenade vs Mindbody'!G27) | I14: =IF('Promenade vs Mindbody'!I27="","",'Promenade vs Mindbody'!I27) -> Not listed in Mindbody Promenade
A15: =IF('Promenade vs Mindbody'!H28="","",'Promenade vs Mindbody'!H28) -> Not in Mindbody | B15: =IF('Promenade vs Mindbody'!A28="","",'Promenade vs Mindbody'!A28) -> (no Mindbody product) | C15: =IF('Promenade vs Mindbody'!B28="","",'Promenade vs Mindbody'!B28) | D15: =IF('Promenade vs Mindbody'!C28="","",'Promenade vs Mindbody'!C28) -> White T-shirt (Elite) - From Argan (Old) | E15: =IF('Promenade vs Mindbody'!D28="","",'Promenade vs Mindbody'!D28) -> 5/6 | F15: =IF('Promenade vs Mindbody'!E28="","",'Promenade vs Mindbody'!E28) -> 1 | G15: =IF('Promenade vs Mindbody'!F28="","",'Promenade vs Mindbody'!F28) | H15: =IF('Promenade vs Mindbody'!G28="","",'Promenade vs Mindbody'!G28) | I15: =IF('Promenade vs Mindbody'!I28="","",'Promenade vs Mindbody'!I28) -> Not listed in Mindbody Promenade
A16: =IF('Promenade vs Mindbody'!H29="","",'Promenade vs Mindbody'!H29) -> Not in Mindbody | B16: =IF('Promenade vs Mindbody'!A29="","",'Promenade vs Mindbody'!A29) -> (no Mindbody product) | C16: =IF('Promenade vs Mindbody'!B29="","",'Promenade vs Mindbody'!B29) | D16: =IF('Promenade vs Mindbody'!C29="","",'Promenade vs Mindbody'!C29) -> White T-shirt (Elite) - From Argan (Old) | E16: =IF('Promenade vs Mindbody'!D29="","",'Promenade vs Mindbody'!D29) -> 3/4 | F16: =IF('Promenade vs Mindbody'!E29="","",'Promenade vs Mindbody'!E29) -> 2 | G16: =IF('Promenade vs Mindbody'!F29="","",'Promenade vs Mindbody'!F29) | H16: =IF('Promenade vs Mindbody'!G29="","",'Promenade vs Mindbody'!G29) | I16: =IF('Promenade vs Mindbody'!I29="","",'Promenade vs Mindbody'!I29) -> Not listed in Mindbody Promenade
A17: =IF('Promenade vs Mindbody'!H30="","",'Promenade vs Mindbody'!H30) -> Not in Mindbody | B17: =IF('Promenade vs Mindbody'!A30="","",'Promenade vs Mindbody'!A30) -> (no Mindbody product) | C17: =IF('Promenade vs Mindbody'!B30="","",'Promenade vs Mindbody'!B30) | D17: =IF('Promenade vs Mindbody'!C30="","",'Promenade vs Mindbody'!C30) -> Instructor T-shirt (Elite Logo) | E17: =IF('Promenade vs Mindbody'!D30="","",'Promenade vs Mindbody'!D30) -> L | F17: =IF('Promenade vs Mindbody'!E30="","",'Promenade vs Mindbody'!E30) -> 1 | G17: =IF('Promenade vs Mindbody'!F30="","",'Promenade vs Mindbody'!F30) | H17: =IF('Promenade vs Mindbody'!G30="","",'Promenade vs Mindbody'!G30) | I17: =IF('Promenade vs Mindbody'!I30="","",'Promenade vs Mindbody'!I30) -> Instructor Shirt exists in Bedaya Mindbody, not set up at Promenade
A18: =IF('Promenade vs Mindbody'!H31="","",'Promenade vs Mindbody'!H31) -> Not in Mindbody | B18: =IF('Promenade vs Mindbody'!A31="","",'Promenade vs Mindbody'!A31) -> (no Mindbody product) | C18: =IF('Promenade vs Mindbody'!B31="","",'Promenade vs Mindbody'!B31) | D18: =IF('Promenade vs Mindbody'!C31="","",'Promenade vs Mindbody'!C31) -> Elite T-shirt (Gray) | E18: =IF('Promenade vs Mindbody'!D31="","",'Promenade vs Mindbody'!D31) -> L | F18: =IF('Promenade vs Mindbody'!E31="","",'Promenade vs Mindbody'!E31) -> 2 | G18: =IF('Promenade vs Mindbody'!F31="","",'Promenade vs Mindbody'!F31) | H18: =IF('Promenade vs Mindbody'!G31="","",'Promenade vs Mindbody'!G31) | I18: =IF('Promenade vs Mindbody'!I31="","",'Promenade vs Mindbody'!I31) -> Not listed in Mindbody Promenade
A19: =IF('Promenade vs Mindbody'!H32="","",'Promenade vs Mindbody'!H32) -> Not in Mindbody | B19: =IF('Promenade vs Mindbody'!A32="","",'Promenade vs Mindbody'!A32) -> (no Mindbody product) | C19: =IF('Promenade vs Mindbody'!B32="","",'Promenade vs Mindbody'!B32) | D19: =IF('Promenade vs Mindbody'!C32="","",'Promenade vs Mindbody'!C32) -> Elite T-shirt (Gray) | E19: =IF('Promenade vs Mindbody'!D32="","",'Promenade vs Mindbody'!D32) -> M | F19: =IF('Promenade vs Mindbody'!E32="","",'Promenade vs Mindbody'!E32) -> 2 | G19: =IF('Promenade vs Mindbody'!F32="","",'Promenade vs Mindbody'!F32) | H19: =IF('Promenade vs Mindbody'!G32="","",'Promenade vs Mindbody'!G32) | I19: =IF('Promenade vs Mindbody'!I32="","",'Promenade vs Mindbody'!I32) -> Not listed in Mindbody Promenade
A20: =IF('Promenade vs Mindbody'!H33="","",'Promenade vs Mindbody'!H33) -> Not in Mindbody | B20: =IF('Promenade vs Mindbody'!A33="","",'Promenade vs Mindbody'!A33) -> (no Mindbody product) | C20: =IF('Promenade vs Mindbody'!B33="","",'Promenade vs Mindbody'!B33) | D20: =IF('Promenade vs Mindbody'!C33="","",'Promenade vs Mindbody'!C33) -> Students' Elite T-shirt (White) | E20: =IF('Promenade vs Mindbody'!D33="","",'Promenade vs Mindbody'!D33) -> M | F20: =IF('Promenade vs Mindbody'!E33="","",'Promenade vs Mindbody'!E33) -> 1 | G20: =IF('Promenade vs Mindbody'!F33="","",'Promenade vs Mindbody'!F33) | H20: =IF('Promenade vs Mindbody'!G33="","",'Promenade vs Mindbody'!G33) | I20: =IF('Promenade vs Mindbody'!I33="","",'Promenade vs Mindbody'!I33) -> Mindbody Promenade has only kids' Elite Shirt sizes (3-4 to 11-12)
A21: =IF('Promenade vs Mindbody'!H34="","",'Promenade vs Mindbody'!H34) -> Not in Mindbody | B21: =IF('Promenade vs Mindbody'!A34="","",'Promenade vs Mindbody'!A34) -> (no Mindbody product) | C21: =IF('Promenade vs Mindbody'!B34="","",'Promenade vs Mindbody'!B34) | D21: =IF('Promenade vs Mindbody'!C34="","",'Promenade vs Mindbody'!C34) -> Short Pants (Black) | E21: =IF('Promenade vs Mindbody'!D34="","",'Promenade vs Mindbody'!D34) -> - | F21: =IF('Promenade vs Mindbody'!E34="","",'Promenade vs Mindbody'!E34) -> 1 | G21: =IF('Promenade vs Mindbody'!F34="","",'Promenade vs Mindbody'!F34) | H21: =IF('Promenade vs Mindbody'!G34="","",'Promenade vs Mindbody'!G34) | I21: =IF('Promenade vs Mindbody'!I34="","",'Promenade vs Mindbody'!I34) -> Not listed in Mindbody Promenade
A22: =IF('Promenade vs Mindbody'!H35="","",'Promenade vs Mindbody'!H35) -> Not in Mindbody | B22: =IF('Promenade vs Mindbody'!A35="","",'Promenade vs Mindbody'!A35) -> (no Mindbody product) | C22: =IF('Promenade vs Mindbody'!B35="","",'Promenade vs Mindbody'!B35) | D22: =IF('Promenade vs Mindbody'!C35="","",'Promenade vs Mindbody'!C35) -> Headguard (Elite Logo) | E22: =IF('Promenade vs Mindbody'!D35="","",'Promenade vs Mindbody'!D35) -> - | F22: =IF('Promenade vs Mindbody'!E35="","",'Promenade vs Mindbody'!E35) -> 1 | G22: =IF('Promenade vs Mindbody'!F35="","",'Promenade vs Mindbody'!F35) | H22: =IF('Promenade vs Mindbody'!G35="","",'Promenade vs Mindbody'!G35) | I22: =IF('Promenade vs Mindbody'!I35="","",'Promenade vs Mindbody'!I35) -> Not listed in Mindbody Promenade
... A26: =IF('Promenade vs Mindbody'!H39="","",'Promenade vs Mindbody'!H39) -> Not in Mindbody | B26: =IF('Promenade vs Mindbody'!A39="","",'Promenade vs Mindbody'!A39) -> (no Mindbody product) | C26: =IF('Promenade vs Mindbody'!B39="","",'Promenade vs Mindbody'!B39) | D26: =IF('Promenade vs Mindbody'!C39="","",'Promenade vs Mindbody'!C39) -> Gloves (Elite Logo) - Old | E26: =IF('Promenade vs Mindbody'!D39="","",'Promenade vs Mindbody'!D39) -> M | F26: =IF('Promenade vs Mindbody'!E39="","",'Promenade vs Mindbody'!E39) -> 23 | G26: =IF('Promenade vs Mindbody'!F39="","",'Promenade vs Mindbody'!F39) | H26: =IF('Promenade vs Mindbody'!G39="","",'Promenade vs Mindbody'!G39) | I26: =IF('Promenade vs Mindbody'!I39="","",'Promenade vs Mindbody'!I39) -> Not listed in Mindbody Promenade
A27: =IF('Promenade vs Mindbody'!H42="","",'Promenade vs Mindbody'!H42) -> Not in Mindbody | B27: =IF('Promenade vs Mindbody'!A42="","",'Promenade vs Mindbody'!A42) -> (no Mindbody product) | C27: =IF('Promenade vs Mindbody'!B42="","",'Promenade vs Mindbody'!B42) | D27: =IF('Promenade vs Mindbody'!C42="","",'Promenade vs Mindbody'!C42) -> Shin Guard (Elite Logo) - Old | E27: =IF('Promenade vs Mindbody'!D42="","",'Promenade vs Mindbody'!D42) -> L | F27: =IF('Promenade vs Mindbody'!E42="","",'Promenade vs Mindbody'!E42) -> 3 | G27: =IF('Promenade vs Mindbody'!F42="","",'Promenade vs Mindbody'!F42) | H27: =IF('Promenade vs Mindbody'!G42="","",'Promenade vs Mindbody'!G42) | I27: =IF('Promenade vs Mindbody'!I42="","",'Promenade vs Mindbody'!I42) -> Not listed in Mindbody Promenade
A28: =IF('Promenade vs Mindbody'!H43="","",'Promenade vs Mindbody'!H43) -> Not in Mindbody | B28: =IF('Promenade vs Mindbody'!A43="","",'Promenade vs Mindbody'!A43) -> (no Mindbody product) | C28: =IF('Promenade vs Mindbody'!B43="","",'Promenade vs Mindbody'!B43) | D28: =IF('Promenade vs Mindbody'!C43="","",'Promenade vs Mindbody'!C43) -> Jiu Jitsu Uniform (Elite Logo) | E28: =IF('Promenade vs Mindbody'!D43="","",'Promenade vs Mindbody'!D43) -> A3 - Black | F28: =IF('Promenade vs Mindbody'!E43="","",'Promenade vs Mindbody'!E43) -> 1 | G28: =IF('Promenade vs Mindbody'!F43="","",'Promenade vs Mindbody'!F43) | H28: =IF('Promenade vs Mindbody'!G43="","",'Promenade vs Mindbody'!G43) | I28: =IF('Promenade vs Mindbody'!I43="","",'Promenade vs Mindbody'!I43) -> Jiu Jitsu Uniforms exist in Bedaya Mindbody, not set up at Promenade
A29: =IF('Promenade vs Mindbody'!H44="","",'Promenade vs Mindbody'!H44) -> Not in Mindbody | B29: =IF('Promenade vs Mindbody'!A44="","",'Promenade vs Mindbody'!A44) -> (no Mindbody product) | C29: =IF('Promenade vs Mindbody'!B44="","",'Promenade vs Mindbody'!B44) | D29: =IF('Promenade vs Mindbody'!C44="","",'Promenade vs Mindbody'!C44) -> Jiu Jitsu Uniform (Elite Logo) | E29: =IF('Promenade vs Mindbody'!D44="","",'Promenade vs Mindbody'!D44) -> 3/180 - Gray | F29: =IF('Promenade vs Mindbody'!E44="","",'Promenade vs Mindbody'!E44) -> 1 | G29: =IF('Promenade vs Mindbody'!F44="","",'Promenade vs Mindbody'!F44) | H29: =IF('Promenade vs Mindbody'!G44="","",'Promenade vs Mindbody'!G44) | I29: =IF('Promenade vs Mindbody'!I44="","",'Promenade vs Mindbody'!I44) -> Jiu Jitsu Uniforms exist in Bedaya Mindbody, not set up at Promenade
A30: =IF('Promenade vs Mindbody'!H45="","",'Promenade vs Mindbody'!H45) -> Not in Mindbody | B30: =IF('Promenade vs Mindbody'!A45="","",'Promenade vs Mindbody'!A45) -> (no Mindbody product) | C30: =IF('Promenade vs Mindbody'!B45="","",'Promenade vs Mindbody'!B45) | D30: =IF('Promenade vs Mindbody'!C45="","",'Promenade vs Mindbody'!C45) -> Jiu Jitsu Uniform (Elite Logo) | E30: =IF('Promenade vs Mindbody'!D45="","",'Promenade vs Mindbody'!D45) -> A3 - Gray/Blue | F30: =IF('Promenade vs Mindbody'!E45="","",'Promenade vs Mindbody'!E45) -> 1 | G30: =IF('Promenade vs Mindbody'!F45="","",'Promenade vs Mindbody'!F45) | H30: =IF('Promenade vs Mindbody'!G45="","",'Promenade vs Mindbody'!G45) | I30: =IF('Promenade vs Mindbody'!I45="","",'Promenade vs Mindbody'!I45) -> Jiu Jitsu Uniforms exist in Bedaya Mindbody, not set up at Promenade
A31: =IF('Promenade vs Mindbody'!H46="","",'Promenade vs Mindbody'!H46) -> Not in Mindbody | B31: =IF('Promenade vs Mindbody'!A46="","",'Promenade vs Mindbody'!A46) -> (no Mindbody product) | C31: =IF('Promenade vs Mindbody'!B46="","",'Promenade vs Mindbody'!B46) | D31: =IF('Promenade vs Mindbody'!C46="","",'Promenade vs Mindbody'!C46) -> Systema T-shirt (Black) | E31: =IF('Promenade vs Mindbody'!D46="","",'Promenade vs Mindbody'!D46) -> L | F31: =IF('Promenade vs Mindbody'!E46="","",'Promenade vs Mindbody'!E46) -> 5 | G31: =IF('Promenade vs Mindbody'!F46="","",'Promenade vs Mindbody'!F46) | H31: =IF('Promenade vs Mindbody'!G46="","",'Promenade vs Mindbody'!G46) | I31: =IF('Promenade vs Mindbody'!I46="","",'Promenade vs Mindbody'!I46) -> Systema Shirt exists in Bedaya Mindbody, not set up at Promenade
A32: =IF('Promenade vs Mindbody'!H47="","",'Promenade vs Mindbody'!H47) -> Not in Mindbody | B32: =IF('Promenade vs Mindbody'!A47="","",'Promenade vs Mindbody'!A47) -> (no Mindbody product) | C32: =IF('Promenade vs Mindbody'!B47="","",'Promenade vs Mindbody'!B47) | D32: =IF('Promenade vs Mindbody'!C47="","",'Promenade vs Mindbody'!C47) -> Systema T-shirt (Black) | E32: =IF('Promenade vs Mindbody'!D47="","",'Promenade vs Mindbody'!D47) -> M | F32: =IF('Promenade vs Mindbody'!E47="","",'Promenade vs Mindbody'!E47) -> 2 | G32: =IF('Promenade vs Mindbody'!F47="","",'Promenade vs Mindbody'!F47) | H32: =IF('Promenade vs Mindbody'!G47="","",'Promenade vs Mindbody'!G47) | I32: =IF('Promenade vs Mindbody'!I47="","",'Promenade vs Mindbody'!I47) -> Systema Shirt exists in Bedaya Mindbody, not set up at Promenade
A33: =IF('Promenade vs Mindbody'!H48="","",'Promenade vs Mindbody'!H48) -> Not in Mindbody | B33: =IF('Promenade vs Mindbody'!A48="","",'Promenade vs Mindbody'!A48) -> (no Mindbody product) | C33: =IF('Promenade vs Mindbody'!B48="","",'Promenade vs Mindbody'!B48) | D33: =IF('Promenade vs Mindbody'!C48="","",'Promenade vs Mindbody'!C48) -> Systema T-shirt (Black) | E33: =IF('Promenade vs Mindbody'!D48="","",'Promenade vs Mindbody'!D48) -> S | F33: =IF('Promenade vs Mindbody'!E48="","",'Promenade vs Mindbody'!E48) -> 15 | G33: =IF('Promenade vs Mindbody'!F48="","",'Promenade vs Mindbody'!F48) | H33: =IF('Promenade vs Mindbody'!G48="","",'Promenade vs Mindbody'!G48) | I33: =IF('Promenade vs Mindbody'!I48="","",'Promenade vs Mindbody'!I48) -> Systema Shirt exists in Bedaya Mindbody, not set up at Promenade
A34: =IF('Promenade vs Mindbody'!H49="","",'Promenade vs Mindbody'!H49) -> Not in Mindbody | B34: =IF('Promenade vs Mindbody'!A49="","",'Promenade vs Mindbody'!A49) -> (no Mindbody product) | C34: =IF('Promenade vs Mindbody'!B49="","",'Promenade vs Mindbody'!B49) | D34: =IF('Promenade vs Mindbody'!C49="","",'Promenade vs Mindbody'!C49) -> Systema T-shirt (Black) | E34: =IF('Promenade vs Mindbody'!D49="","",'Promenade vs Mindbody'!D49) -> 40 | F34: =IF('Promenade vs Mindbody'!E49="","",'Promenade vs Mindbody'!E49) -> 6 | G34: =IF('Promenade vs Mindbody'!F49="","",'Promenade vs Mindbody'!F49) | H34: =IF('Promenade vs Mindbody'!G49="","",'Promenade vs Mindbody'!G49) | I34: =IF('Promenade vs Mindbody'!I49="","",'Promenade vs Mindbody'!I49) -> Systema Shirt exists in Bedaya Mindbody, not set up at Promenade
A35: =IF('Promenade vs Mindbody'!H50="","",'Promenade vs Mindbody'!H50) -> Not in Mindbody | B35: =IF('Promenade vs Mindbody'!A50="","",'Promenade vs Mindbody'!A50) -> (no Mindbody product) | C35: =IF('Promenade vs Mindbody'!B50="","",'Promenade vs Mindbody'!B50) | D35: =IF('Promenade vs Mindbody'!C50="","",'Promenade vs Mindbody'!C50) -> Systema T-shirt (Black) | E35: =IF('Promenade vs Mindbody'!D50="","",'Promenade vs Mindbody'!D50) -> 38 | F35: =IF('Promenade vs Mindbody'!E50="","",'Promenade vs Mindbody'!E50) -> 19 | G35: =IF('Promenade vs Mindbody'!F50="","",'Promenade vs Mindbody'!F50) | H35: =IF('Promenade vs Mindbody'!G50="","",'Promenade vs Mindbody'!G50) | I35: =IF('Promenade vs Mindbody'!I50="","",'Promenade vs Mindbody'!I50) -> Systema Shirt exists in Bedaya Mindbody, not set up at Promenade
A36: =IF('Promenade vs Mindbody'!H51="","",'Promenade vs Mindbody'!H51) -> Not in Mindbody | B36: =IF('Promenade vs Mindbody'!A51="","",'Promenade vs Mindbody'!A51) -> (no Mindbody product) | C36: =IF('Promenade vs Mindbody'!B51="","",'Promenade vs Mindbody'!B51) | D36: =IF('Promenade vs Mindbody'!C51="","",'Promenade vs Mindbody'!C51) -> Systema T-shirt (Black) | E36: =IF('Promenade vs Mindbody'!D51="","",'Promenade vs Mindbody'!D51) -> 36 | F36: =IF('Promenade vs Mindbody'!E51="","",'Promenade vs Mindbody'!E51) -> 20 | G36: =IF('Promenade vs Mindbody'!F51="","",'Promenade vs Mindbody'!F51) | H36: =IF('Promenade vs Mindbody'!G51="","",'Promenade vs Mindbody'!G51) | I36: =IF('Promenade vs Mindbody'!I51="","",'Promenade vs Mindbody'!I51) -> Systema Shirt exists in Bedaya Mindbody, not set up at Promenade
A37: =IF('Promenade vs Mindbody'!H52="","",'Promenade vs Mindbody'!H52) -> Not in Mindbody | B37: =IF('Promenade vs Mindbody'!A52="","",'Promenade vs Mindbody'!A52) -> (no Mindbody product) | C37: =IF('Promenade vs Mindbody'!B52="","",'Promenade vs Mindbody'!B52) | D37: =IF('Promenade vs Mindbody'!C52="","",'Promenade vs Mindbody'!C52) -> Systema T-shirt (Gray) | E37: =IF('Promenade vs Mindbody'!D52="","",'Promenade vs Mindbody'!D52) -> 3XL | F37: =IF('Promenade vs Mindbody'!E52="","",'Promenade vs Mindbody'!E52) -> 2 | G37: =IF('Promenade vs Mindbody'!F52="","",'Promenade vs Mindbody'!F52) | H37: =IF('Promenade vs Mindbody'!G52="","",'Promenade vs Mindbody'!G52) | I37: =IF('Promenade vs Mindbody'!I52="","",'Promenade vs Mindbody'!I52) -> Systema Shirt exists in Bedaya Mindbody, not set up at Promenade
A38: =IF('Promenade vs Mindbody'!H53="","",'Promenade vs Mindbody'!H53) -> Not in Mindbody | B38: =IF('Promenade vs Mindbody'!A53="","",'Promenade vs Mindbody'!A53) -> (no Mindbody product) | C38: =IF('Promenade vs Mindbody'!B53="","",'Promenade vs Mindbody'!B53) | D38: =IF('Promenade vs Mindbody'!C53="","",'Promenade vs Mindbody'!C53) -> Systema T-shirt (Gray) | E38: =IF('Promenade vs Mindbody'!D53="","",'Promenade vs Mindbody'!D53) -> XXL | F38: =IF('Promenade vs Mindbody'!E53="","",'Promenade vs Mindbody'!E53) -> 3 | G38: =IF('Promenade vs Mindbody'!F53="","",'Promenade vs Mindbody'!F53) | H38: =IF('Promenade vs Mindbody'!G53="","",'Promenade vs Mindbody'!G53) | I38: =IF('Promenade vs Mindbody'!I53="","",'Promenade vs Mindbody'!I53) -> Systema Shirt exists in Bedaya Mindbody, not set up at Promenade
... A41: =IF('Promenade vs Mindbody'!H56="","",'Promenade vs Mindbody'!H56) -> Not in Mindbody | B41: =IF('Promenade vs Mindbody'!A56="","",'Promenade vs Mindbody'!A56) -> (no Mindbody product) | C41: =IF('Promenade vs Mindbody'!B56="","",'Promenade vs Mindbody'!B56) | D41: =IF('Promenade vs Mindbody'!C56="","",'Promenade vs Mindbody'!C56) -> Systema T-shirt (Gray) | E41: =IF('Promenade vs Mindbody'!D56="","",'Promenade vs Mindbody'!D56) -> M | F41: =IF('Promenade vs Mindbody'!E56="","",'Promenade vs Mindbody'!E56) -> 2 | G41: =IF('Promenade vs Mindbody'!F56="","",'Promenade vs Mindbody'!F56) | H41: =IF('Promenade vs Mindbody'!G56="","",'Promenade vs Mindbody'!G56) | I41: =IF('Promenade vs Mindbody'!I56="","",'Promenade vs Mindbody'!I56) -> Systema Shirt exists in Bedaya Mindbody, not set up at Promenade
A42: =IF('Promenade vs Mindbody'!H58="","",'Promenade vs Mindbody'!H58) -> Not in Mindbody | B42: =IF('Promenade vs Mindbody'!A58="","",'Promenade vs Mindbody'!A58) -> (no Mindbody product) | C42: =IF('Promenade vs Mindbody'!B58="","",'Promenade vs Mindbody'!B58) | D42: =IF('Promenade vs Mindbody'!C58="","",'Promenade vs Mindbody'!C58) -> Elite T-shirt with Logo (Old) | E42: =IF('Promenade vs Mindbody'!D58="","",'Promenade vs Mindbody'!D58) -> XL / Black | F42: =IF('Promenade vs Mindbody'!E58="","",'Promenade vs Mindbody'!E58) -> 2 | G42: =IF('Promenade vs Mindbody'!F58="","",'Promenade vs Mindbody'!F58) | H42: =IF('Promenade vs Mindbody'!G58="","",'Promenade vs Mindbody'!G58) | I42: =IF('Promenade vs Mindbody'!I58="","",'Promenade vs Mindbody'!I58) -> Not listed in Mindbody Promenade
A43: =IF('Promenade vs Mindbody'!H59="","",'Promenade vs Mindbody'!H59) -> Not in Mindbody | B43: =IF('Promenade vs Mindbody'!A59="","",'Promenade vs Mindbody'!A59) -> (no Mindbody product) | C43: =IF('Promenade vs Mindbody'!B59="","",'Promenade vs Mindbody'!B59) | D43: =IF('Promenade vs Mindbody'!C59="","",'Promenade vs Mindbody'!C59) -> Elite T-shirt with Logo (Old) | E43: =IF('Promenade vs Mindbody'!D59="","",'Promenade vs Mindbody'!D59) -> M / Black | F43: =IF('Promenade vs Mindbody'!E59="","",'Promenade vs Mindbody'!E59) -> 1 | G43: =IF('Promenade vs Mindbody'!F59="","",'Promenade vs Mindbody'!F59) | H43: =IF('Promenade vs Mindbody'!G59="","",'Promenade vs Mindbody'!G59) | I43: =IF('Promenade vs Mindbody'!I59="","",'Promenade vs Mindbody'!I59) -> Not listed in Mindbody Promenade
A44: =IF('Promenade vs Mindbody'!H60="","",'Promenade vs Mindbody'!H60) -> Not in Mindbody | B44: =IF('Promenade vs Mindbody'!A60="","",'Promenade vs Mindbody'!A60) -> (no Mindbody product) | C44: =IF('Promenade vs Mindbody'!B60="","",'Promenade vs Mindbody'!B60) | D44: =IF('Promenade vs Mindbody'!C60="","",'Promenade vs Mindbody'!C60) -> Elite T-shirt with Logo (Old) | E44: =IF('Promenade vs Mindbody'!D60="","",'Promenade vs Mindbody'!D60) -> S / Black | F44: =IF('Promenade vs Mindbody'!E60="","",'Promenade vs Mindbody'!E60) -> 2 | G44: =IF('Promenade vs Mindbody'!F60="","",'Promenade vs Mindbody'!F60) | H44: =IF('Promenade vs Mindbody'!G60="","",'Promenade vs Mindbody'!G60) | I44: =IF('Promenade vs Mindbody'!I60="","",'Promenade vs Mindbody'!I60) -> Not listed in Mindbody Promenade
A45: =IF('Promenade vs Mindbody'!H61="","",'Promenade vs Mindbody'!H61) -> Not in Mindbody | B45: =IF('Promenade vs Mindbody'!A61="","",'Promenade vs Mindbody'!A61) -> (no Mindbody product) | C45: =IF('Promenade vs Mindbody'!B61="","",'Promenade vs Mindbody'!B61) | D45: =IF('Promenade vs Mindbody'!C61="","",'Promenade vs Mindbody'!C61) -> Elite T-shirt with Logo (Old) | E45: =IF('Promenade vs Mindbody'!D61="","",'Promenade vs Mindbody'!D61) -> XS / Black | F45: =IF('Promenade vs Mindbody'!E61="","",'Promenade vs Mindbody'!E61) -> 1 | G45: =IF('Promenade vs Mindbody'!F61="","",'Promenade vs Mindbody'!F61) | H45: =IF('Promenade vs Mindbody'!G61="","",'Promenade vs Mindbody'!G61) | I45: =IF('Promenade vs Mindbody'!I61="","",'Promenade vs Mindbody'!I61) -> Not listed in Mindbody Promenade
A46: =IF('Promenade vs Mindbody'!H62="","",'Promenade vs Mindbody'!H62) -> Not in Mindbody | B46: =IF('Promenade vs Mindbody'!A62="","",'Promenade vs Mindbody'!A62) -> (no Mindbody product) | C46: =IF('Promenade vs Mindbody'!B62="","",'Promenade vs Mindbody'!B62) | D46: =IF('Promenade vs Mindbody'!C62="","",'Promenade vs Mindbody'!C62) -> Elite T-shirt with Logo (Old) | E46: =IF('Promenade vs Mindbody'!D62="","",'Promenade vs Mindbody'!D62) -> L / White | F46: =IF('Promenade vs Mindbody'!E62="","",'Promenade vs Mindbody'!E62) -> 1 | G46: =IF('Promenade vs Mindbody'!F62="","",'Promenade vs Mindbody'!F62) | H46: =IF('Promenade vs Mindbody'!G62="","",'Promenade vs Mindbody'!G62) | I46: =IF('Promenade vs Mindbody'!I62="","",'Promenade vs Mindbody'!I62) -> Not listed in Mindbody Promenade
A47: =IF('Promenade vs Mindbody'!H63="","",'Promenade vs Mindbody'!H63) -> Not in Mindbody | B47: =IF('Promenade vs Mindbody'!A63="","",'Promenade vs Mindbody'!A63) -> (no Mindbody product) | C47: =IF('Promenade vs Mindbody'!B63="","",'Promenade vs Mindbody'!B63) | D47: =IF('Promenade vs Mindbody'!C63="","",'Promenade vs Mindbody'!C63) -> Elite T-shirt with Logo (Old) | E47: =IF('Promenade vs Mindbody'!D63="","",'Promenade vs Mindbody'!D63) -> XS / White | F47: =IF('Promenade vs Mindbody'!E63="","",'Promenade vs Mindbody'!E63) -> 2 | G47: =IF('Promenade vs Mindbody'!F63="","",'Promenade vs Mindbody'!F63) | H47: =IF('Promenade vs Mindbody'!G63="","",'Promenade vs Mindbody'!G63) | I47: =IF('Promenade vs Mindbody'!I63="","",'Promenade vs Mindbody'!I63) -> Not listed in Mindbody Promenade
A48: =IF('Promenade vs Mindbody'!H64="","",'Promenade vs Mindbody'!H64) -> Not in Mindbody | B48: =IF('Promenade vs Mindbody'!A64="","",'Promenade vs Mindbody'!A64) -> (no Mindbody product) | C48: =IF('Promenade vs Mindbody'!B64="","",'Promenade vs Mindbody'!B64) | D48: =IF('Promenade vs Mindbody'!C64="","",'Promenade vs Mindbody'!C64) -> Kajukimbo Uniform (With Logo, No Patches) | E48: =IF('Promenade vs Mindbody'!D64="","",'Promenade vs Mindbody'!D64) -> 110cm | F48: =IF('Promenade vs Mindbody'!E64="","",'Promenade vs Mindbody'!E64) -> 1 | G48: =IF('Promenade vs Mindbody'!F64="","",'Promenade vs Mindbody'!F64) | H48: =IF('Promenade vs Mindbody'!G64="","",'Promenade vs Mindbody'!G64) | I48: =IF('Promenade vs Mindbody'!I64="","",'Promenade vs Mindbody'!I64) -> Kajukenbo Uniform w/ Patches exists in Bedaya Mindbody, not set up at Promenade
A49: =IF('Promenade vs Mindbody'!H65="","",'Promenade vs Mindbody'!H65) -> Not in Mindbody | B49: =IF('Promenade vs Mindbody'!A65="","",'Promenade vs Mindbody'!A65) -> (no Mindbody product) | C49: =IF('Promenade vs Mindbody'!B65="","",'Promenade vs Mindbody'!B65) | D49: =IF('Promenade vs Mindbody'!C65="","",'Promenade vs Mindbody'!C65) -> Kajukimbo Uniform (With Logo, No Patches) | E49: =IF('Promenade vs Mindbody'!D65="","",'Promenade vs Mindbody'!D65) -> 100cm | F49: =IF('Promenade vs Mindbody'!E65="","",'Promenade vs Mindbody'!E65) -> 9 | G49: =IF('Promenade vs Mindbody'!F65="","",'Promenade vs Mindbody'!F65) | H49: =IF('Promenade vs Mindbody'!G65="","",'Promenade vs Mindbody'!G65) | I49: =IF('Promenade vs Mindbody'!I65="","",'Promenade vs Mindbody'!I65) -> Kajukenbo Uniform w/ Patches exists in Bedaya Mindbody, not set up at Promenade
A50: =IF('Promenade vs Mindbody'!H66="","",'Promenade vs Mindbody'!H66) -> Not in Mindbody | B50: =IF('Promenade vs Mindbody'!A66="","",'Promenade vs Mindbody'!A66) -> (no Mindbody product) | C50: =IF('Promenade vs Mindbody'!B66="","",'Promenade vs Mindbody'!B66) | D50: =IF('Promenade vs Mindbody'!C66="","",'Promenade vs Mindbody'!C66) -> Backpack with Elite Logo | E50: =IF('Promenade vs Mindbody'!D66="","",'Promenade vs Mindbody'!D66) -> - | F50: =IF('Promenade vs Mindbody'!E66="","",'Promenade vs Mindbody'!E66) -> 26 | G50: =IF('Promenade vs Mindbody'!F66="","",'Promenade vs Mindbody'!F66) | H50: =IF('Promenade vs Mindbody'!G66="","",'Promenade vs Mindbody'!G66) | I50: =IF('Promenade vs Mindbody'!I66="","",'Promenade vs Mindbody'!I66) -> Elite Bag exists in Bedaya Mindbody, not set up at Promenade
A51: =IF('Promenade vs Mindbody'!H67="","",'Promenade vs Mindbody'!H67) -> Not in Mindbody | B51: =IF('Promenade vs Mindbody'!A67="","",'Promenade vs Mindbody'!A67) -> (no Mindbody product) | C51: =IF('Promenade vs Mindbody'!B67="","",'Promenade vs Mindbody'!B67) | D51: =IF('Promenade vs Mindbody'!C67="","",'Promenade vs Mindbody'!C67) -> Pants (Small) | E51: =IF('Promenade vs Mindbody'!D67="","",'Promenade vs Mindbody'!D67) -> 120cm | F51: =IF('Promenade vs Mindbody'!E67="","",'Promenade vs Mindbody'!E67) -> 4 | G51: =IF('Promenade vs Mindbody'!F67="","",'Promenade vs Mindbody'!F67) | H51: =IF('Promenade vs Mindbody'!G67="","",'Promenade vs Mindbody'!G67) | I51: =IF('Promenade vs Mindbody'!I67="","",'Promenade vs Mindbody'!I67) -> Not listed in Mindbody Promenade
A52: =IF('Promenade vs Mindbody'!H68="","",'Promenade vs Mindbody'!H68) -> Not in Mindbody | B52: =IF('Promenade vs Mindbody'!A68="","",'Promenade vs Mindbody'!A68) -> (no Mindbody product) | C52: =IF('Promenade vs Mindbody'!B68="","",'Promenade vs Mindbody'!B68) | D52: =IF('Promenade vs Mindbody'!C68="","",'Promenade vs Mindbody'!C68) -> Pants (Small) | E52: =IF('Promenade vs Mindbody'!D68="","",'Promenade vs Mindbody'!D68) -> 110cm | F52: =IF('Promenade vs Mindbody'!E68="","",'Promenade vs Mindbody'!E68) -> 22 | G52: =IF('Promenade vs Mindbody'!F68="","",'Promenade vs Mindbody'!F68) | H52: =IF('Promenade vs Mindbody'!G68="","",'Promenade vs Mindbody'!G68) | I52: =IF('Promenade vs Mindbody'!I68="","",'Promenade vs Mindbody'!I68) -> Not listed in Mindbody Promenade
A53: =IF('Promenade vs Mindbody'!H69="","",'Promenade vs Mindbody'!H69) -> Not in Mindbody | B53: =IF('Promenade vs Mindbody'!A69="","",'Promenade vs Mindbody'!A69) -> (no Mindbody product) | C53: =IF('Promenade vs Mindbody'!B69="","",'Promenade vs Mindbody'!B69) | D53: =IF('Promenade vs Mindbody'!C69="","",'Promenade vs Mindbody'!C69) -> Pants (Small) | E53: =IF('Promenade vs Mindbody'!D69="","",'Promenade vs Mindbody'!D69) -> 160cm | F53: =IF('Promenade vs Mindbody'!E69="","",'Promenade vs Mindbody'!E69) -> 45 | G53: =IF('Promenade vs Mindbody'!F69="","",'Promenade vs Mindbody'!F69) | H53: =IF('Promenade vs Mindbody'!G69="","",'Promenade vs Mindbody'!G69) | I53: =IF('Promenade vs Mindbody'!I69="","",'Promenade vs Mindbody'!I69) -> Not listed in Mindbody Promenade
... A59: =IF('Promenade vs Mindbody'!H75="","",'Promenade vs Mindbody'!H75) -> Not in Mindbody | B59: =IF('Promenade vs Mindbody'!A75="","",'Promenade vs Mindbody'!A75) -> (no Mindbody product) | C59: =IF('Promenade vs Mindbody'!B75="","",'Promenade vs Mindbody'!B75) | D59: =IF('Promenade vs Mindbody'!C75="","",'Promenade vs Mindbody'!C75) -> Karate Gloves (Blue) | E59: =IF('Promenade vs Mindbody'!D75="","",'Promenade vs Mindbody'!D75) -> S | F59: =IF('Promenade vs Mindbody'!E75="","",'Promenade vs Mindbody'!E75) -> 2 | G59: =IF('Promenade vs Mindbody'!F75="","",'Promenade vs Mindbody'!F75) | H59: =IF('Promenade vs Mindbody'!G75="","",'Promenade vs Mindbody'!G75) | I59: =IF('Promenade vs Mindbody'!I75="","",'Promenade vs Mindbody'!I75) -> Not listed in Mindbody Promenade
A60: =IF('Promenade vs Mindbody'!H77="","",'Promenade vs Mindbody'!H77) -> Not in Mindbody | B60: =IF('Promenade vs Mindbody'!A77="","",'Promenade vs Mindbody'!A77) -> (no Mindbody product) | C60: =IF('Promenade vs Mindbody'!B77="","",'Promenade vs Mindbody'!B77) | D60: =IF('Promenade vs Mindbody'!C77="","",'Promenade vs Mindbody'!C77) -> Bottle Water | E60: =IF('Promenade vs Mindbody'!D77="","",'Promenade vs Mindbody'!D77) -> Orange | F60: =IF('Promenade vs Mindbody'!E77="","",'Promenade vs Mindbody'!E77) -> 26 | G60: =IF('Promenade vs Mindbody'!F77="","",'Promenade vs Mindbody'!F77) | H60: =IF('Promenade vs Mindbody'!G77="","",'Promenade vs Mindbody'!G77) | I60: =IF('Promenade vs Mindbody'!I77="","",'Promenade vs Mindbody'!I77) -> Bottle Water exists in Bedaya Mindbody, not set up at Promenade
A61: =IF('Promenade vs Mindbody'!H78="","",'Promenade vs Mindbody'!H78) -> Not in Mindbody | B61: =IF('Promenade vs Mindbody'!A78="","",'Promenade vs Mindbody'!A78) -> (no Mindbody product) | C61: =IF('Promenade vs Mindbody'!B78="","",'Promenade vs Mindbody'!B78) | D61: =IF('Promenade vs Mindbody'!C78="","",'Promenade vs Mindbody'!C78) -> Bottle Water | E61: =IF('Promenade vs Mindbody'!D78="","",'Promenade vs Mindbody'!D78) -> White | F61: =IF('Promenade vs Mindbody'!E78="","",'Promenade vs Mindbody'!E78) -> 14 | G61: =IF('Promenade vs Mindbody'!F78="","",'Promenade vs Mindbody'!F78) | H61: =IF('Promenade vs Mindbody'!G78="","",'Promenade vs Mindbody'!G78) | I61: =IF('Promenade vs Mindbody'!I78="","",'Promenade vs Mindbody'!I78) -> Bottle Water exists in Bedaya Mindbody, not set up at Promenade
A62: =IF('Promenade vs Mindbody'!H79="","",'Promenade vs Mindbody'!H79) -> Not in Mindbody | B62: =IF('Promenade vs Mindbody'!A79="","",'Promenade vs Mindbody'!A79) -> (no Mindbody product) | C62: =IF('Promenade vs Mindbody'!B79="","",'Promenade vs Mindbody'!B79) | D62: =IF('Promenade vs Mindbody'!C79="","",'Promenade vs Mindbody'!C79) -> Karate Uniform (No Logo) | E62: =IF('Promenade vs Mindbody'!D79="","",'Promenade vs Mindbody'!D79) -> 140cm | F62: =IF('Promenade vs Mindbody'!E79="","",'Promenade vs Mindbody'!E79) -> 13 | G62: =IF('Promenade vs Mindbody'!F79="","",'Promenade vs Mindbody'!F79) | H62: =IF('Promenade vs Mindbody'!G79="","",'Promenade vs Mindbody'!G79) | I62: =IF('Promenade vs Mindbody'!I79="","",'Promenade vs Mindbody'!I79) -> Old / no-logo stock - not listed in Mindbody Promenade
A63: =IF('Promenade vs Mindbody'!H80="","",'Promenade vs Mindbody'!H80) -> Not in Mindbody | B63: =IF('Promenade vs Mindbody'!A80="","",'Promenade vs Mindbody'!A80) -> (no Mindbody product) | C63: =IF('Promenade vs Mindbody'!B80="","",'Promenade vs Mindbody'!B80) | D63: =IF('Promenade vs Mindbody'!C80="","",'Promenade vs Mindbody'!C80) -> Karate Uniform (No Logo) | E63: =IF('Promenade vs Mindbody'!D80="","",'Promenade vs Mindbody'!D80) -> 130cm | F63: =IF('Promenade vs Mindbody'!E80="","",'Promenade vs Mindbody'!E80) -> 18 | G63: =IF('Promenade vs Mindbody'!F80="","",'Promenade vs Mindbody'!F80) | H63: =IF('Promenade vs Mindbody'!G80="","",'Promenade vs Mindbody'!G80) | I63: =IF('Promenade vs Mindbody'!I80="","",'Promenade vs Mindbody'!I80) -> Old / no-logo stock - not listed in Mindbody Promenade
A64: =IF('Promenade vs Mindbody'!H81="","",'Promenade vs Mindbody'!H81) -> Not in Mindbody | B64: =IF('Promenade vs Mindbody'!A81="","",'Promenade vs Mindbody'!A81) -> (no Mindbody product) | C64: =IF('Promenade vs Mindbody'!B81="","",'Promenade vs Mindbody'!B81) | D64: =IF('Promenade vs Mindbody'!C81="","",'Promenade vs Mindbody'!C81) -> Karate Uniform (No Logo) | E64: =IF('Promenade vs Mindbody'!D81="","",'Promenade vs Mindbody'!D81) -> 120cm | F64: =IF('Promenade vs Mindbody'!E81="","",'Promenade vs Mindbody'!E81) -> 31 | G64: =IF('Promenade vs Mindbody'!F81="","",'Promenade vs Mindbody'!F81) | H64: =IF('Promenade vs Mindbody'!G81="","",'Promenade vs Mindbody'!G81) | I64: =IF('Promenade vs Mindbody'!I81="","",'Promenade vs Mindbody'!I81) -> Old / no-logo stock - not listed in Mindbody Promenade
A65: =IF('Promenade vs Mindbody'!H82="","",'Promenade vs Mindbody'!H82) -> Not in Mindbody | B65: =IF('Promenade vs Mindbody'!A82="","",'Promenade vs Mindbody'!A82) -> (no Mindbody product) | C65: =IF('Promenade vs Mindbody'!B82="","",'Promenade vs Mindbody'!B82) | D65: =IF('Promenade vs Mindbody'!C82="","",'Promenade vs Mindbody'!C82) -> Karate Uniform (No Logo) | E65: =IF('Promenade vs Mindbody'!D82="","",'Promenade vs Mindbody'!D82) -> 100cm | F65: =IF('Promenade vs Mindbody'!E82="","",'Promenade vs Mindbody'!E82) -> 34 | G65: =IF('Promenade vs Mindbody'!F82="","",'Promenade vs Mindbody'!F82) | H65: =IF('Promenade vs Mindbody'!G82="","",'Promenade vs Mindbody'!G82) | I65: =IF('Promenade vs Mindbody'!I82="","",'Promenade vs Mindbody'!I82) -> Old / no-logo stock - not listed in Mindbody Promenade
A66: =IF('Promenade vs Mindbody'!H83="","",'Promenade vs Mindbody'!H83) -> Not in Mindbody | B66: =IF('Promenade vs Mindbody'!A83="","",'Promenade vs Mindbody'!A83) -> (no Mindbody product) | C66: =IF('Promenade vs Mindbody'!B83="","",'Promenade vs Mindbody'!B83) | D66: =IF('Promenade vs Mindbody'!C83="","",'Promenade vs Mindbody'!C83) -> Karate Uniform (No Logo) | E66: =IF('Promenade vs Mindbody'!D83="","",'Promenade vs Mindbody'!D83) -> 110cm | F66: =IF('Promenade vs Mindbody'!E83="","",'Promenade vs Mindbody'!E83) -> 86 | G66: =IF('Promenade vs Mindbody'!F83="","",'Promenade vs Mindbody'!F83) | H66: =IF('Promenade vs Mindbody'!G83="","",'Promenade vs Mindbody'!G83) | I66: =IF('Promenade vs Mindbody'!I83="","",'Promenade vs Mindbody'!I83) -> Old / no-logo stock - not listed in Mindbody Promenade
A67: =IF('Promenade vs Mindbody'!H84="","",'Promenade vs Mindbody'!H84) -> Not in Mindbody | B67: =IF('Promenade vs Mindbody'!A84="","",'Promenade vs Mindbody'!A84) -> (no Mindbody product) | C67: =IF('Promenade vs Mindbody'!B84="","",'Promenade vs Mindbody'!B84) | D67: =IF('Promenade vs Mindbody'!C84="","",'Promenade vs Mindbody'!C84) -> Karate Uniform (No Logo) | E67: =IF('Promenade vs Mindbody'!D84="","",'Promenade vs Mindbody'!D84) -> 190cm | F67: =IF('Promenade vs Mindbody'!E84="","",'Promenade vs Mindbody'!E84) -> 1 | G67: =IF('Promenade vs Mindbody'!F84="","",'Promenade vs Mindbody'!F84) | H67: =IF('Promenade vs Mindbody'!G84="","",'Promenade vs Mindbody'!G84) | I67: =IF('Promenade vs Mindbody'!I84="","",'Promenade vs Mindbody'!I84) -> Old / no-logo stock - not listed in Mindbody Promenade
A68: =IF('Promenade vs Mindbody'!H85="","",'Promenade vs Mindbody'!H85) -> Not in Mindbody | B68: =IF('Promenade vs Mindbody'!A85="","",'Promenade vs Mindbody'!A85) -> (no Mindbody product) | C68: =IF('Promenade vs Mindbody'!B85="","",'Promenade vs Mindbody'!B85) | D68: =IF('Promenade vs Mindbody'!C85="","",'Promenade vs Mindbody'!C85) -> Taekwondo Uniform (Old) | E68: =IF('Promenade vs Mindbody'!D85="","",'Promenade vs Mindbody'!D85) -> 110cm | F68: =IF('Promenade vs Mindbody'!E85="","",'Promenade vs Mindbody'!E85) -> 1 | G68: =IF('Promenade vs Mindbody'!F85="","",'Promenade vs Mindbody'!F85) | H68: =IF('Promenade vs Mindbody'!G85="","",'Promenade vs Mindbody'!G85) | I68: =IF('Promenade vs Mindbody'!I85="","",'Promenade vs Mindbody'!I85) -> Old / no-logo stock - not listed in Mindbody Promenade
A69: =IF('Promenade vs Mindbody'!H86="","",'Promenade vs Mindbody'!H86) -> Not in Mindbody | B69: =IF('Promenade vs Mindbody'!A86="","",'Promenade vs Mindbody'!A86) -> (no Mindbody product) | C69: =IF('Promenade vs Mindbody'!B86="","",'Promenade vs Mindbody'!B86) | D69: =IF('Promenade vs Mindbody'!C86="","",'Promenade vs Mindbody'!C86) -> Kajukimbo Uniform (No Logo) | E69: =IF('Promenade vs Mindbody'!D86="","",'Promenade vs Mindbody'!D86) -> 110cm | F69: =IF('Promenade vs Mindbody'!E86="","",'Promenade vs Mindbody'!E86) -> 20 | G69: =IF('Promenade vs Mindbody'!F86="","",'Promenade vs Mindbody'!F86) | H69: =IF('Promenade vs Mindbody'!G86="","",'Promenade vs Mindbody'!G86) | I69: =IF('Promenade vs Mindbody'!I86="","",'Promenade vs Mindbody'!I86) -> Old / no-logo stock - not listed in Mindbody Promenade
A70: =IF('Promenade vs Mindbody'!H87="","",'Promenade vs Mindbody'!H87) -> Not in Mindbody | B70: =IF('Promenade vs Mindbody'!A87="","",'Promenade vs Mindbody'!A87) -> (no Mindbody product) | C70: =IF('Promenade vs Mindbody'!B87="","",'Promenade vs Mindbody'!B87) | D70: =IF('Promenade vs Mindbody'!C87="","",'Promenade vs Mindbody'!C87) -> Kajukimbo Uniform (No Logo) | E70: =IF('Promenade vs Mindbody'!D87="","",'Promenade vs Mindbody'!D87) -> 120cm | F70: =IF('Promenade vs Mindbody'!E87="","",'Promenade vs Mindbody'!E87) -> 1 | G70: =IF('Promenade vs Mindbody'!F87="","",'Promenade vs Mindbody'!F87) | H70: =IF('Promenade vs Mindbody'!G87="","",'Promenade vs Mindbody'!G87) | I70: =IF('Promenade vs Mindbody'!I87="","",'Promenade vs Mindbody'!I87) -> Old / no-logo stock - not listed in Mindbody Promenade
A71: =IF('Promenade vs Mindbody'!H88="","",'Promenade vs Mindbody'!H88) -> Not in Mindbody | B71: =IF('Promenade vs Mindbody'!A88="","",'Promenade vs Mindbody'!A88) -> (no Mindbody product) | C71: =IF('Promenade vs Mindbody'!B88="","",'Promenade vs Mindbody'!B88) | D71: =IF('Promenade vs Mindbody'!C88="","",'Promenade vs Mindbody'!C88) -> Backpack (No Logo) | E71: =IF('Promenade vs Mindbody'!D88="","",'Promenade vs Mindbody'!D88) -> - | F71: =IF('Promenade vs Mindbody'!E88="","",'Promenade vs Mindbody'!E88) -> 4 | G71: =IF('Promenade vs Mindbody'!F88="","",'Promenade vs Mindbody'!F88) | H71: =IF('Promenade vs Mindbody'!G88="","",'Promenade vs Mindbody'!G88) | I71: =IF('Promenade vs Mindbody'!I88="","",'Promenade vs Mindbody'!I88) -> Old / no-logo stock - not listed in Mindbody Promenade
... A73: =IF('Promenade vs Mindbody'!H90="","",'Promenade vs Mindbody'!H90) -> Not in Mindbody | B73: =IF('Promenade vs Mindbody'!A90="","",'Promenade vs Mindbody'!A90) -> (no Mindbody product) | C73: =IF('Promenade vs Mindbody'!B90="","",'Promenade vs Mindbody'!B90) | D73: =IF('Promenade vs Mindbody'!C90="","",'Promenade vs Mindbody'!C90) -> Judo Uniform (No Logo) | E73: =IF('Promenade vs Mindbody'!D90="","",'Promenade vs Mindbody'!D90) -> 100cm | F73: =IF('Promenade vs Mindbody'!E90="","",'Promenade vs Mindbody'!E90) -> 3 | G73: =IF('Promenade vs Mindbody'!F90="","",'Promenade vs Mindbody'!F90) | H73: =IF('Promenade vs Mindbody'!G90="","",'Promenade vs Mindbody'!G90) | I73: =IF('Promenade vs Mindbody'!I90="","",'Promenade vs Mindbody'!I90) -> Judo (No Program) - not listed in Mindbody Promenade
A74: =IF('Promenade vs Mindbody'!H92="","",'Promenade vs Mindbody'!H92) -> Not in Mindbody | B74: =IF('Promenade vs Mindbody'!A92="","",'Promenade vs Mindbody'!A92) -> (no Mindbody product) | C74: =IF('Promenade vs Mindbody'!B92="","",'Promenade vs Mindbody'!B92) | D74: =IF('Promenade vs Mindbody'!C92="","",'Promenade vs Mindbody'!C92) -> Judo Uniform (No Logo) | E74: =IF('Promenade vs Mindbody'!D92="","",'Promenade vs Mindbody'!D92) -> 120cm | F74: =IF('Promenade vs Mindbody'!E92="","",'Promenade vs Mindbody'!E92) -> 28 | G74: =IF('Promenade vs Mindbody'!F92="","",'Promenade vs Mindbody'!F92) | H74: =IF('Promenade vs Mindbody'!G92="","",'Promenade vs Mindbody'!G92) | I74: =IF('Promenade vs Mindbody'!I92="","",'Promenade vs Mindbody'!I92) -> Judo (No Program) - not listed in Mindbody Promenade
A75: =IF('Promenade vs Mindbody'!H93="","",'Promenade vs Mindbody'!H93) -> Not in Mindbody | B75: =IF('Promenade vs Mindbody'!A93="","",'Promenade vs Mindbody'!A93) -> (no Mindbody product) | C75: =IF('Promenade vs Mindbody'!B93="","",'Promenade vs Mindbody'!B93) | D75: =IF('Promenade vs Mindbody'!C93="","",'Promenade vs Mindbody'!C93) -> Judo Uniform (No Logo) | E75: =IF('Promenade vs Mindbody'!D93="","",'Promenade vs Mindbody'!D93) -> 140cm | F75: =IF('Promenade vs Mindbody'!E93="","",'Promenade vs Mindbody'!E93) -> 10 | G75: =IF('Promenade vs Mindbody'!F93="","",'Promenade vs Mindbody'!F93) | H75: =IF('Promenade vs Mindbody'!G93="","",'Promenade vs Mindbody'!G93) | I75: =IF('Promenade vs Mindbody'!I93="","",'Promenade vs Mindbody'!I93) -> Judo (No Program) - not listed in Mindbody Promenade
A76: =IF('Promenade vs Mindbody'!H94="","",'Promenade vs Mindbody'!H94) -> Not in Mindbody | B76: =IF('Promenade vs Mindbody'!A94="","",'Promenade vs Mindbody'!A94) -> (no Mindbody product) | C76: =IF('Promenade vs Mindbody'!B94="","",'Promenade vs Mindbody'!B94) | D76: =IF('Promenade vs Mindbody'!C94="","",'Promenade vs Mindbody'!C94) -> Judo Uniform (No Logo) | E76: =IF('Promenade vs Mindbody'!D94="","",'Promenade vs Mindbody'!D94) -> 150cm | F76: =IF('Promenade vs Mindbody'!E94="","",'Promenade vs Mindbody'!E94) -> 1 | G76: =IF('Promenade vs Mindbody'!F94="","",'Promenade vs Mindbody'!F94) | H76: =IF('Promenade vs Mindbody'!G94="","",'Promenade vs Mindbody'!G94) | I76: =IF('Promenade vs Mindbody'!I94="","",'Promenade vs Mindbody'!I94) -> Judo (No Program) - not listed in Mindbody Promenade
A77: =IF('Promenade vs Mindbody'!H95="","",'Promenade vs Mindbody'!H95) -> Not in Mindbody | B77: =IF('Promenade vs Mindbody'!A95="","",'Promenade vs Mindbody'!A95) -> (no Mindbody product) | C77: =IF('Promenade vs Mindbody'!B95="","",'Promenade vs Mindbody'!B95) | D77: =IF('Promenade vs Mindbody'!C95="","",'Promenade vs Mindbody'!C95) -> Judo Uniform (With Logo) | E77: =IF('Promenade vs Mindbody'!D95="","",'Promenade vs Mindbody'!D95) -> 110cm | F77: =IF('Promenade vs Mindbody'!E95="","",'Promenade vs Mindbody'!E95) -> 9 | G77: =IF('Promenade vs Mindbody'!F95="","",'Promenade vs Mindbody'!F95) | H77: =IF('Promenade vs Mindbody'!G95="","",'Promenade vs Mindbody'!G95) | I77: =IF('Promenade vs Mindbody'!I95="","",'Promenade vs Mindbody'!I95) -> Judo (No Program) - not listed in Mindbody Promenade
